income,delta,predict,islow
2833.33,132.0385676,2701.29,0
2703.5,196.6613677,2506.84,0
2666.67,-91.41616445,2758.09,0
2755,177.4075761,2577.59,0
2726.5,-344.7126801,3071.21,1
2550,40.17238934,2509.83,0
2764.25,-290.2964779,3054.55,1
2765.87,53.30047442,2712.57,0
2703.67,-2.438220528,2706.11,0
2835,-246.1022394,3081.10,1
2557.5,605.7105035,1951.79,0
2705.78,355.9812187,2349.80,0
2556.67,204.7016528,2351.97,0
2671,-343.7509146,3014.75,1
2619.11,151.0433906,2468.07,0
2519,-0.735133843,2519.74,0
2504.63,-6.985295177,2511.62,0
2699.17,-43.52828265,2742.70,0
2788.5,-479.6822268,3268.18,1
2594.25,-413.5491867,3007.80,1
2627,7.170445132,2619.83,0
2570,291.6548788,2278.35,0
2781.25,89.22778242,2692.02,0
2515,-317.8356874,2832.84,1
2600,66.54667587,2533.45,0
2459,123.7719293,2335.23,0
2827.14,51.01031873,2776.13,0
2604.65,10.03063027,2594.62,0
2805.22,-379.3703876,3184.59,1
2639.67,-56.36614409,2696.04,0
2643.16,-94.29967222,2737.46,0
2678.64,360.22271,2318.42,0
2670.5,235.2211241,2435.28,0
2749.95,104.087002,2645.86,0
2800.57,-12.76962887,2813.34,0
2826.41,-23.69247178,2850.10,0
2800,339.4890862,2460.51,0
2621,46.45959716,2574.54,0
2631.75,98.4845215,2533.27,0
2718.33,118.0020995,2600.33,0
2685,-548.218196,3233.22,1
2504.89,57.12512002,2447.76,0
2840.1,155.4812687,2684.62,0
2633,155.8978219,2477.10,0
2525.5,-39.87839344,2565.38,0
2560,-216.2762812,2776.28,1
2483,438.8555296,2044.14,0
2482.94,320.5057425,2162.43,0
2640.68,580.3894865,2060.29,0
2604.25,306.9239471,2297.33,0
2810,446.9233069,2363.08,0
2706.61,-67.11469702,2773.72,0
2485,444.4219839,2040.58,0
2687.77,158.9252293,2528.84,0
2683.47,-41.33094355,2724.80,0
2753.9,372.1401975,2381.76,0
2700,-354.3964774,3054.40,1
2630.8,-9.62651443,2640.43,0
2599.86,273.043757,2326.82,0
2474.5,224.6433237,2249.86,0
2783.33,-207.0169884,2990.35,1
2766.21,-32.26338707,2798.47,0
2734.95,118.9737592,2615.98,0
2724.46,436.8340611,2287.63,0
2565.02,210.7523965,2354.27,0
2637.8,-314.42271,2952.22,1
2575,-115.8410412,2690.84,0
2739,-587.3879023,3326.39,1
2624.67,-223.5225496,2848.19,1
2765,420.0063493,2344.99,0
2479.92,242.8255235,2237.09,0
2615,16.50756137,2598.49,0
2572.05,-450.6222119,3022.67,1
2802.35,-102.8085982,2905.16,0
2521.67,24.50796399,2497.16,0
2472.97,-195.0742276,2668.04,0
2790,46.07423467,2743.93,0
2698.33,73.06939359,2625.26,0
2518.33,394.8594684,2123.47,0
2724.86,69.04657121,2655.81,0
2610.25,-36.69726509,2646.95,0
2750,-118.0279579,2868.03,0
2810,226.4082063,2583.59,0
2841.45,-116.4201358,2957.87,0
2510,-283.8320813,2793.83,1
2551.36,125.4711992,2425.89,0
2739.76,-93.96045922,2833.72,0
2529,-127.6213498,2656.62,0
2500,-190.3466653,2690.35,0
2540.9,126.2009917,2414.70,0
2576.63,241.3420169,2335.29,0
2631.2,18.65836402,2612.54,0
2763.7,-396.1244846,3159.82,1
2819.5,13.65667704,2805.84,0
2750.67,331.4031368,2419.27,0
2671.78,271.2603562,2400.52,0
2588.75,295.8829588,2292.87,0
2731.13,20.89949261,2710.23,0
2778.33,-46.09449485,2824.42,0
2644.88,456.7407254,2188.14,0
2735,-51.54973203,2786.55,0
2721.73,-305.931199,3027.66,1
2715.4,113.9531031,2601.45,0
2494.71,98.17314155,2396.54,0
2759,343.4232596,2415.58,0
2484.27,294.6261332,2189.64,0
2481.99,-12.61906116,2494.61,0
2730.85,-140.4318065,2871.28,0
2740.67,156.5648064,2584.11,0
2730.97,395.2515219,2335.72,0
2797.75,-226.8740213,3024.62,1
2501.6,-236.092697,2737.69,1
2671.26,414.758349,2256.50,0
2672.4,-112.7332426,2785.13,0
2660.25,71.46249322,2588.79,0
2558.73,-136.1014331,2694.83,0
2482.8,50.68594325,2432.11,0
2747,-178.7717642,2925.77,0
2829.63,11.96858055,2817.66,0
2795.75,-459.2688813,3255.02,1
2698.75,-332.9121977,3031.66,1
2792,182.8186503,2609.18,0
2458.67,87.02543975,2371.64,0
2767.75,-395.2895337,3163.04,1
2677,300.5286563,2376.47,0
2784.82,213.5629926,2571.26,0
2780,207.9030576,2572.10,0
2742,-75.7863552,2817.79,0
2550.03,-395.7294931,2945.76,1
2780.56,67.1483534,2713.41,0
2764.35,-57.72713989,2822.08,0
2499.5,322.5280338,2176.97,0
2671,-192.6425951,2863.64,0
2749.69,-5.40322054,2755.09,0
2504.1,18.4724907,2485.63,0
2645.5,104.706287,2540.79,0
2642,467.3223005,2174.68,0
2549.63,-118.8897347,2668.52,0
2600,72.04844964,2527.95,0
2589.5,90.95351894,2498.55,0
2787.4,-406.1015665,3193.50,1
2802.33,-161.7535337,2964.08,0
2774.16,-202.4515104,2976.61,1
2456.45,179.0200215,2277.43,0
2673.36,34.40269524,2638.96,0
2539.33,65.27604616,2474.05,0
2720,159.0930096,2560.91,0
2799.74,516.3190383,2283.42,0
2769.64,272.600936,2497.04,0
2479.55,282.470544,2197.08,0
2698.47,165.8702704,2532.60,0
2610.75,-438.6297325,3049.38,1
2795.55,-15.87527386,2811.43,0
2603.4,-18.98474906,2622.38,0
2510,429.1873533,2080.81,0
2720,234.0141743,2485.99,0
2700,119.203069,2580.80,0
2567.2,-220.900465,2788.10,1
2695.25,-258.5658403,2953.82,1
2513.62,-333.9749259,2847.59,1
2547,-72.35334535,2619.35,0
2755,153.0634487,2601.94,0
2564.25,29.30230596,2534.95,0
2792.17,-56.67604435,2848.85,0
2801.2,115.820441,2685.38,0
2827.55,169.2290895,2658.32,0
2520,75.72610244,2444.27,0
2828,-185.475828,3013.48,0
2640.86,386.7026804,2254.16,0
2475.39,-22.03120865,2497.42,0
2603.33,-36.24272516,2639.57,0
2606.22,-12.88418994,2619.10,0
2676.33,235.5920837,2440.74,0
2674.14,-349.2952669,3023.44,1
2516.29,495.6013476,2020.69,0
2700.88,41.57653779,2659.30,0
2841.67,62.36026235,2779.31,0
2843.82,134.5243025,2709.30,0
2529.5,527.6507992,2001.85,0
2773.5,4.833691431,2768.67,0
2535.64,-405.2599074,2940.90,1
2783.77,144.7233253,2639.05,0
2526.67,158.605594,2368.06,0
2778.02,255.5550895,2522.46,0
2572.25,-216.6657254,2788.92,1
2723.71,36.55438366,2687.16,0
2846.13,354.5427193,2491.59,0
2589.33,430.0139931,2159.32,0
2762.13,167.1856615,2594.94,0
2667.5,3.888050326,2663.61,0
2500.83,-153.1703672,2654.00,0
2676.87,31.78714619,2645.08,0
2486.5,170.1315037,2316.37,0
2823.33,141.1010631,2682.23,0
2482.32,-356.808795,2839.13,1
2660,256.1899015,2403.81,0
2780,116.1552693,2663.84,0
2749.71,-265.5495541,3015.26,1
2450.33,-5.005310823,2455.34,0
2542.4,-370.9392921,2913.34,1
2578.39,-63.66046828,2642.05,0
2753.97,171.7674146,2582.20,0
2721.67,170.9543086,2550.72,0
2578.24,189.3982822,2388.84,0
2576.75,103.0774089,2473.67,0
2563.33,89.28805451,2474.04,0
2650.67,-279.6640354,2930.33,1
2590,174.8534646,2415.15,0
2493.79,-396.915876,2890.71,1
2674.91,246.1889412,2428.72,0
2527.41,-91.10672205,2618.52,0
2791.5,-263.4271621,3054.93,1
2813.5,-44.25618386,2857.76,0
2674.42,-77.43406986,2751.85,0
2732.4,185.9508795,2546.45,0
2570,-105.4259144,2675.43,0
2656.6,102.4518987,2554.15,0
2490.25,-388.0241335,2878.27,1
2610.25,-20.66457843,2630.91,0
2678.76,-46.51486369,2725.27,0
2482.5,122.3729911,2360.13,0
2546.98,-89.05084922,2636.03,0
2566,-64.84155827,2630.84,0
2592.55,166.2851683,2426.26,0
2741.5,-86.68743058,2828.19,0
2702,153.3020476,2548.70,0
2556.82,450.6489827,2106.17,0
2774.25,42.93743956,2731.31,0
2461.97,251.6013742,2210.37,0
2561,127.5886024,2433.41,0
2780,35.83908828,2744.16,0
2767.48,388.1791792,2379.30,0
2788.6,246.1055388,2542.49,0
2598.28,-409.2879491,3007.57,1
2751.09,252.0903065,2499.00,0
2686.66,-176.1343441,2862.79,0
2680,15.98111776,2664.02,0
2606,108.9805791,2497.02,0
2717.32,140.4630533,2576.86,0
2737.75,-374.7569783,3112.51,1
2598.5,14.14837033,2584.35,0
2740.16,-7.460257302,2747.62,0
2801.3,-243.7599332,3045.06,1
2511.39,-20.23771709,2531.63,0
2569.17,406.5409713,2162.63,0
2761.67,-388.2357354,3149.91,1
2814.2,-193.730124,3007.93,0
2615.13,-228.9675856,2844.10,1
2806.97,-251.7098763,3058.68,1
2569.75,-53.4576525,2623.21,0
2511.18,-72.45684264,2583.64,0
2466.25,124.248011,2342.00,0
2464.17,-37.56513603,2501.74,0
2635,-164.3476676,2799.35,0
2812.17,514.6774633,2297.49,0
2582.5,-4.592122557,2587.09,0
2530,-51.66987714,2581.67,0
2806.67,120.1234111,2686.55,0
2822.5,233.4603015,2589.04,0
2683.33,-152.1126295,2835.44,0
2717.98,88.36108732,2629.62,0
2475.68,77.9237768,2397.76,0
2505,-411.5767866,2916.58,1
2673.51,218.8180622,2454.69,0
2628.45,93.81127088,2534.64,0
2577.75,45.76973716,2531.98,0
2586.33,-204.4122018,2790.74,1
2514.4,38.99849847,2475.40,0
2565.9,-489.3900583,3055.29,1
2688.8,-73.1048522,2761.90,0
2706.05,-191.7749989,2897.82,0
2742.08,-203.9239768,2946.00,1
2505,246.0111073,2258.99,0
2798.64,-10.53532895,2809.18,0
2560.88,-54.1191362,2615.00,0
2607.75,95.16629385,2512.58,0
2697.72,-357.8383137,3055.56,1
2490.6,-49.96234234,2540.56,0
2500,64.35647286,2435.64,0
2535.25,91.68687991,2443.56,0
2601.4,188.7486814,2412.65,0
2502,76.44750193,2425.55,0
2583.33,-186.398235,2769.73,0
2644.85,-324.9531909,2969.80,1
2727.53,-52.73312801,2780.26,0
2629,-46.97576627,2675.98,0
2593,-181.269488,2774.27,0
2653.89,-44.74523422,2698.64,0
2475.05,-122.6470688,2597.70,0
2646.57,68.75306975,2577.82,0
2488.33,-502.8611422,2991.19,1
2518.53,-124.0751387,2642.61,0
2733.33,-125.9114904,2859.24,0
2639.2,151.3318335,2487.87,0
2571,165.4203193,2405.58,0
2595.37,-135.7454359,2731.12,0
2836.67,57.23614157,2779.43,0
2813.07,-443.2970601,3256.37,1
2701,76.01430895,2624.99,0
2625.08,-187.0740971,2812.15,0
2636.85,-368.8267642,3005.68,1
2731.44,221.4503464,2509.99,0
2549.2,-111.3406932,2660.54,0
2530.9,-73.00752809,2603.91,0
2682.67,-56.81089308,2739.48,0
2673.54,-117.0992173,2790.64,0
2747,392.5710181,2354.43,0
2523.33,-41.38978925,2564.72,0
2823.75,135.7902843,2687.96,0
2706.94,-175.2953755,2882.24,0
2729.67,9.70223547,2719.97,0
2628.64,-282.8883871,2911.53,1
2476.8,-41.79795189,2518.60,0
2510.77,-114.6704667,2625.44,0
2515.84,48.25792195,2467.58,0
2463.5,47.79539419,2415.70,0
2685,67.55474451,2617.45,0
2830.67,215.9082009,2614.76,0
2526.77,622.5205048,1904.25,0
2795.82,109.3039533,2686.52,0
2492.12,61.06078718,2431.06,0
2515.97,273.2900244,2242.68,0
2650.67,244.6024715,2406.07,0
2689.53,197.6845793,2491.85,0
2793.25,-152.1039749,2945.35,0
2587,-192.1760073,2779.18,0
2808.06,552.1203249,2255.94,0
2799.37,22.75959109,2776.61,0
2548.62,203.1029322,2345.52,0
2545.75,221.2460663,2324.50,0
2633.13,-162.5054106,2795.64,0
2605,88.86940248,2516.13,0
2763.7,437.9546201,2325.75,0
2497.5,264.2944879,2233.21,0
2664.96,-163.577591,2828.54,0
2591.68,511.234427,2080.45,0
2844.75,280.3982098,2564.35,0
2590,87.56781254,2502.43,0
2624.5,66.98010115,2557.52,0
2484.16,-182.4458331,2666.61,0
2474.29,-24.44390301,2498.73,0
2782.75,-124.7280765,2907.48,0
2720,-215.7596989,2935.76,1
2593.2,-14.15678527,2607.36,0
2772.87,-155.3334212,2928.20,0
2692.88,-91.5129325,2784.39,0
2574.42,-166.2211967,2740.64,0
2776.67,487.3845672,2289.29,0
2696.25,-465.8445369,3162.09,1
2461.96,-327.21417,2789.17,1
2751.6,46.508287,2705.09,0
2727.98,260.7471213,2467.23,0
2505.67,550.4953643,1955.17,0
2783.68,253.6896679,2529.99,0
2619.48,288.9308236,2330.55,0
2779.95,-203.7897983,2983.74,1
2786,-162.566292,2948.57,0
2461.3,201.6822148,2259.62,0
2676.58,-187.9697067,2864.55,0
2620.29,-547.7247578,3168.01,1
2624,315.1300767,2308.87,0
2780,253.8397763,2526.16,0
2547.21,-100.5408415,2647.75,0
2568,-366.7217873,2934.72,1
2517,-227.8414901,2744.84,1
2799,42.53856886,2756.46,0
2685.8,-161.6977491,2847.50,0
2767.41,157.9177797,2609.49,0
2745,-273.1647235,3018.16,1
2552.45,124.6306168,2427.82,0
2480.48,-181.2569161,2661.74,0
2529.59,-337.9974235,2867.59,1
2706.67,-178.1255306,2884.80,0
2735,209.3581346,2525.64,0
2501.67,101.4696159,2400.20,0
2722.03,-222.2965713,2944.33,1
2748.55,433.3564725,2315.19,0
2561.86,14.8811911,2546.98,0
2751.78,76.42336627,2675.36,0
2769.58,-46.25817815,2815.84,0
2459.47,-192.3490388,2651.82,0
2702.97,-183.466701,2886.44,0
2657.43,62.44841577,2594.98,0
2777.5,313.7184426,2463.78,0
2565.87,-183.4125412,2749.28,0
2691,-20.06366846,2711.06,0
2715.26,293.2417712,2422.02,0
2519.7,-198.9257127,2718.63,0
2758.18,39.56494964,2718.62,0
2650.63,594.7837528,2055.85,0
2504.95,-312.6395225,2817.59,1
2586,226.3539209,2359.65,0
2786.8,-236.5057919,3023.31,1
2682.57,-117.9687459,2800.54,0
2812.47,240.035873,2572.43,0
2800,-447.0187965,3247.02,1
2664.75,-441.8294486,3106.58,1
2555.79,-144.4781401,2700.27,0
2743.06,258.0099534,2485.05,0
2728,-49.49936289,2777.50,0
2615.3,46.68179571,2568.62,0
2562.83,-28.41578174,2591.25,0
2463.28,112.468222,2350.81,0
2478.59,225.4510526,2253.14,0
2524.65,-30.67295701,2555.32,0
2609.69,-224.7959917,2834.49,1
2551.17,-194.5412638,2745.71,0
2787,164.5240778,2622.48,0
2725.47,-220.8300434,2946.30,1
2534.92,64.05759214,2470.86,0
2580.8,-48.02851687,2628.83,0
2744.5,-208.7675895,2953.27,1
2820,248.814035,2571.19,0
2626,367.0471444,2258.95,0
2603,-250.5822765,2853.58,1
2737.09,-79.96290482,2817.05,0
2790,227.5976384,2562.40,0
2690.7,-133.6543047,2824.35,0
2667,-212.1610409,2879.16,1
2757.43,170.5300492,2586.90,0
2586.67,-225.851537,2812.52,1
2702.46,-117.3179848,2819.78,0
2622,158.671803,2463.33,0
2669.45,68.90244144,2600.55,0
2494.95,75.40623713,2419.54,0
2658.54,-189.0129538,2847.55,0
2608.2,223.2857376,2384.91,0
2809.75,128.2345847,2681.52,0
2618.34,87.8563719,2530.48,0
2822.3,278.4113452,2543.89,0
2722.42,-109.3445431,2831.76,0
2662.38,35.74876248,2626.63,0
2850,400.3030246,2449.70,0
2661.25,381.6082876,2279.64,0
2562.63,413.6878165,2148.94,0
2700.98,-54.5135436,2755.49,0
2514.5,-266.4659069,2780.97,1
2840.5,-44.09059706,2884.59,0
2793.75,-407.5330694,3201.28,1
2518.69,-317.5783387,2836.27,1
2692.32,184.853313,2507.47,0
2550.7,105.9741827,2444.73,0
2623.33,-314.1440259,2937.47,1
2740.81,223.497918,2517.31,0
2657.3,352.7548989,2304.55,0
2804.65,14.34977824,2790.30,0
2813.33,-194.7228968,3008.05,0
2636.67,172.2545786,2464.42,0
2762.53,-443.6975555,3206.23,1
2789.8,-146.4209347,2936.22,0
2587.6,-4.518108204,2592.12,0
2604.71,-113.8047753,2718.51,0
2835.5,-154.9604664,2990.46,0
2847.63,80.67133644,2766.96,0
2720.57,-649.9923508,3370.56,1
2809.1,399.1412619,2409.96,0
2726.4,330.4909189,2395.91,0
2519.52,267.3317314,2252.19,0
2839.47,-92.2841693,2931.75,0
2763.88,136.4521983,2627.43,0
2683.58,467.3760812,2216.20,0
2706.2,99.27850569,2606.92,0
2692.87,162.7302643,2530.14,0
2639.53,49.85309507,2589.68,0
2543.98,29.93398236,2514.05,0
2833.33,-99.74557277,2933.08,0
2599.72,-12.91859621,2612.64,0
2850,79.62432899,2770.38,0
2467.88,-15.09483865,2482.97,0
2638.33,-54.09686752,2692.43,0
2599.47,-125.9807006,2725.45,0
2583.65,36.21571179,2547.43,0
2660.05,9.980912875,2650.07,0
2788.67,-153.5896006,2942.26,0
2600,177.9393204,2422.06,0
2682.5,-15.63788969,2698.14,0
2546.39,-25.67019642,2572.06,0
2474.75,-257.3735966,2732.12,1
2471.25,8.543760053,2462.71,0
2587.5,-150.8235091,2738.32,0
2485.61,0.38038395,2485.23,0
2656.75,162.1519942,2494.60,0
2648.39,77.86838309,2570.52,0
2571.13,65.6895606,2505.44,0
2475.74,210.7744876,2264.97,0
2625,425.6607966,2199.34,0
2616.5,-3.937376479,2620.44,0
2776.25,-195.6061849,2971.86,0
2744.42,-289.2056051,3033.63,1
2558.33,125.1572538,2433.17,0
2617,236.783659,2380.22,0
2689.12,-26.21579319,2715.34,0
2662.23,-18.101017,2680.33,0
2579.5,-236.8993963,2816.40,1
2498.33,-177.207637,2675.54,0
2550.52,-181.9715168,2732.49,0
2701.72,-277.6464486,2979.37,1
2784,252.0128614,2531.99,0
2843.55,261.5690259,2581.98,0
2841.2,53.6867596,2787.51,0
2460,-132.9140632,2592.91,0
2630,200.3423788,2429.66,0
2733.33,199.0121538,2534.32,0
2645.2,373.3680599,2271.83,0
2752,-135.7887333,2887.79,0
2747.77,366.9309312,2380.84,0
2587.33,-93.22001102,2680.55,0
2817.5,-506.6044156,3324.10,1
2575.75,26.85711019,2548.89,0
2656.53,362.572175,2293.96,0
2681,243.2635988,2437.74,0
2692.74,-155.1954758,2847.94,0
2725.4,24.53977732,2700.86,0
2800.58,77.07639767,2723.50,0
2623.39,620.118091,2003.27,0
2780,627.5571106,2152.44,0
2617.39,79.34017153,2538.05,0
2527.25,61.91043789,2465.34,0
2672.6,106.3970273,2566.20,0
2492.5,-271.8602129,2764.36,1
2783.5,260.6131768,2522.89,0
2817.02,-72.12461313,2889.14,0
2640.05,355.8378778,2284.21,0
2604.7,-44.00889086,2648.71,0
2645.73,-429.7133573,3075.44,1
2473.99,-213.6619929,2687.65,1
2618.75,46.62162648,2572.13,0
2695,468.7100261,2226.29,0
2650,-417.6858501,3067.69,1
2601.75,392.5038976,2209.25,0
2693.9,-106.5158314,2800.42,0
2464.64,101.6999942,2362.94,0
2745,-40.13794526,2785.14,0
2507,-16.44493596,2523.44,0
2845,-302.0923806,3147.09,1
2492,74.172033,2417.83,0
2450,48.15779561,2401.84,0
2803,365.0722876,2437.93,0
2475,-170.4307346,2645.43,0
2638.75,121.7040024,2517.05,0
2512.03,-560.6054803,3072.64,1
2460,-130.2540628,2590.25,0
2743.29,672.2032339,2071.09,0
2743.66,-250.0414024,2993.70,1
2536.67,-464.7876721,3001.46,1
2610,215.7112736,2394.29,0
2500,-3.95600518,2503.96,0
2643.33,214.4922667,2428.84,0
2657.52,171.3698018,2486.15,0
2515.06,-36.50647765,2551.57,0
2734.76,106.3059851,2628.45,0
2697.4,-349.5313143,3046.93,1
2509.15,84.20465697,2424.95,0
2765.1,-8.317019089,2773.42,0
2757.82,-169.3460734,2927.17,0
2827.7,128.4419774,2699.26,0
2766.3,75.25677774,2691.04,0
2463.27,-190.0859829,2653.36,0
2640,-18.02035348,2658.02,0
2676.82,-566.6643709,3243.48,1
2630,194.2486764,2435.75,0
2516,174.769085,2341.23,0
2722.22,168.587605,2553.63,0
2711.91,431.0279663,2280.88,0
2484.67,-358.3137252,2842.98,1
2720.6,-379.5616853,3100.16,1
2676.94,429.8189575,2247.12,0
2826.33,-67.16573277,2893.50,0
2554.6,-100.4569614,2655.06,0
2805.53,352.8479536,2452.68,0
2523.04,65.78270432,2457.26,0
2752.17,237.6325162,2514.54,0
2678.4,105.3904526,2573.01,0
2715,-62.27745996,2777.28,0
2574.38,-116.9391329,2691.32,0
2780,-119.6520302,2899.65,0
2711.5,122.6067367,2588.89,0
2582.3,-165.0329716,2747.33,0
2628.33,-33.23926992,2661.57,0
2602.33,-43.82452143,2646.15,0
2850,-355.0435736,3205.04,1
2625.5,200.150795,2425.35,0
2515,321.6605082,2193.34,0
2670.3,186.4593671,2483.84,0
2462,100.8301244,2361.17,0
2490,-20.1477485,2510.15,0
2557.75,36.84185977,2520.91,0
2484,179.747934,2304.25,0
2732.62,-38.44264232,2771.06,0
2675,65.5605614,2609.44,0
2501.1,-101.7248015,2602.82,0
2579.27,12.18948552,2567.08,0
2680.16,313.3618874,2366.80,0
2669.93,-125.5559009,2795.49,0
2638.33,76.35119095,2561.98,0
2784.83,93.45012593,2691.38,0
2648.63,32.3808804,2616.25,0
2664,262.0918252,2401.91,0
2774.95,-86.98133744,2861.93,0
2511.86,-58.4448632,2570.30,0
2582.72,-145.3814533,2728.10,0
2807.5,212.8837448,2594.62,0
2505.33,121.3269097,2384.00,0
2659.51,272.7024666,2386.81,0
2670,125.852303,2544.15,0
2635.5,-32.12092227,2667.62,0
2788.92,-273.9829663,3062.90,1
2620.74,151.7477759,2468.99,0
2725.67,369.4505081,2356.22,0
2452.45,-320.6484379,2773.10,1
2517.5,-125.880045,2643.38,0
2452.91,237.1242151,2215.79,0
2739.75,457.8754198,2281.87,0
2600.5,821.8605023,1778.64,0
2563.33,51.09859449,2512.23,0
2799.93,-121.1549213,2921.08,0
2463.33,40.08596063,2423.24,0
2532.69,306.2075131,2226.48,0
2814.16,-286.1799046,3100.34,1
2715.41,540.3631933,2175.05,0
2550,17.1639657,2532.84,0
2557.33,96.70818822,2460.62,0
2550.59,182.0554812,2368.53,0
2704,337.1851447,2366.81,0
2543.17,526.047704,2017.12,0
2643.69,59.879984,2583.81,0
2487.5,-285.4709573,2772.97,1
2777.47,279.1272644,2498.34,0
2800,83.1827619,2716.82,0
2757.45,-113.5508433,2871.00,0
2515,215.9389283,2299.06,0
2654.42,195.3562583,2459.06,0
2843.37,404.6911407,2438.68,0
2620.04,-363.5239426,2983.56,1
2822.2,127.4330284,2694.77,0
2638,-255.4183443,2893.42,1
2725.45,375.3898101,2350.06,0
2662.5,6.134920483,2656.37,0
2665.66,545.2624453,2120.40,0
2543,64.6132349,2478.39,0
2620,85.29508612,2534.70,0
2553.25,82.98617366,2470.26,0
2455.1,-84.86130218,2539.96,0
2503.33,-267.2505601,2770.58,1
2477.03,421.8644425,2055.17,0
2569.57,305.369043,2264.20,0
2559.24,590.0053641,1969.23,0
2624.89,9.956446607,2614.93,0
2555.17,-90.34704793,2645.52,0
2661.1,11.70222667,2649.40,0
2535,-72.31859197,2607.32,0
2826.25,308.5222724,2517.73,0
2796.64,82.9849685,2713.66,0
2675,310.7493079,2364.25,0
2487,-42.66766516,2529.67,0
2644.12,-535.660792,3179.78,1
2744.25,117.5333512,2626.72,0
2763.5,70.03298325,2693.47,0
2748.67,-19.15106603,2767.82,0
2620,444.7888051,2175.21,0
2706.67,-274.025616,2980.70,1
2754.68,223.438336,2531.24,0
2682.95,-270.6134489,2953.56,1
2694.5,279.9272973,2414.57,0
2460,120.2312222,2339.77,0
2757.98,41.15316565,2716.83,0
2697.6,-181.2134602,2878.81,0
2705.3,-172.690606,2877.99,0
2608.18,103.7689674,2504.41,0
2727.07,265.952973,2461.12,0
2783.25,253.3995098,2529.85,0
2626.67,-205.5278732,2832.20,1
2726.04,159.6323209,2566.41,0
2716.85,176.1156599,2540.73,0
2824.87,-338.2730533,3163.14,1
2808.6,-249.6459678,3058.25,1
2526.03,36.95861704,2489.07,0
2772.89,-70.62435578,2843.51,0
2793.75,266.7111929,2527.04,0
2480.56,22.47396134,2458.09,0
2594.41,-535.3205279,3129.73,1
2767.88,-81.21927797,2849.10,0
2726.33,-196.42389,2922.75,0
2846,126.1284025,2719.87,0
2613,-151.1713834,2764.17,0
2455.23,-56.2288656,2511.46,0
2558.23,-229.6555474,2787.89,1
2745.55,-172.7109252,2918.26,0
2707.75,34.78593769,2672.96,0
2740.67,275.0777923,2465.59,0
2466.4,-345.459285,2811.86,1
2526.67,-117.2918832,2643.96,0
2846.56,-104.2472416,2950.81,0
2510.32,302.7422304,2207.58,0
2617.95,-8.751938566,2626.70,0
2767,-380.5067493,3147.51,1
2742.86,312.2441685,2430.62,0
2744.14,-36.6685742,2780.81,0
2630.67,-100.5890606,2731.26,0
2850,-135.001351,2985.00,0
2610,-149.0571912,2759.06,0
2688.9,521.4570451,2167.44,0
2560,-270.5749263,2830.57,1
2705,-680.4031927,3385.40,1
2592.67,-308.1332027,2900.80,1
2772,-362.5128762,3134.51,1
2785.36,51.95369092,2733.41,0
2642.63,19.06033464,2623.57,0
2652.13,130.1318299,2522.00,0
2651.4,20.53821128,2630.86,0
2622.7,-316.0922094,2938.79,1
2460.91,55.04385696,2405.87,0
2591,151.4735628,2439.53,0
2619.13,-194.3142559,2813.44,0
2645.83,-46.78125354,2692.61,0
2644.27,-249.6290275,2893.90,1
2476.67,-100.162797,2576.83,0
2749.78,-600.54979,3350.33,1
2557.81,384.9612686,2172.85,0
2842,130.4603858,2711.54,0
2721.05,-15.58257189,2736.63,0
2766.67,348.2454065,2418.42,0
2678.74,-72.97234653,2751.71,0
2701.26,-148.1708566,2849.43,0
2623.8,-324.0521023,2947.85,1
2625,-264.8835505,2889.88,1
2643.33,-327.8017781,2971.13,1
2546.67,19.37480132,2527.30,0
2565.01,-404.5546872,2969.56,1
2584,71.90407306,2512.10,0
2800.84,581.3195009,2219.52,0
2736.03,-64.19135475,2800.22,0
2711.7,88.25989858,2623.44,0
2740.22,-268.4775209,3008.70,1
2688.53,-134.3245923,2822.85,0
2658.8,135.3972133,2523.40,0
2753.8,50.14978279,2703.65,0
2655.67,153.4521832,2502.22,0
2635,-244.6893427,2879.69,1
2837.33,11.41365065,2825.92,0
2535,174.3277425,2360.67,0
2729.5,249.2091122,2480.29,0
2562.7,-326.877638,2889.58,1
2592,-43.88441934,2635.88,0
2734.03,433.4744344,2300.56,0
2734.41,-61.37038915,2795.78,0
2759.9,-499.7815056,3259.68,1
2752.82,75.84025774,2676.98,0
2728.52,199.7470691,2528.77,0
2503.75,-255.05246,2758.80,1
2649.11,110.3367817,2538.77,0
2709.47,-68.90540793,2778.38,0
2775,-82.81253898,2857.81,0
2523.08,300.3511027,2222.73,0
2500,-60.46981731,2560.47,0
2814,4.965759037,2809.03,0
2754.37,-510.8340792,3265.20,1
2755.46,149.5384564,2605.92,0
2682.33,-45.4726327,2727.80,0
2636.47,-176.8066278,2813.28,0
2715,-278.06383,2993.06,1
2506.39,-158.6830665,2665.07,0
2725.75,228.232129,2497.52,0
2632.5,23.22816011,2609.27,0
2546.52,-52.13135474,2598.65,0
2683,-141.0949716,2824.09,0
2766.2,-38.86090877,2805.06,0
2780,-328.0393764,3108.04,1
2714.91,380.7653636,2334.14,0
2680,-222.8733027,2902.87,1
2732,111.3407736,2620.66,0
2690,-309.1823122,2999.18,1
2603.75,-285.3207782,2889.07,1
2647.82,-58.14382595,2705.96,0
2476.18,-156.4935132,2632.67,0
2550.26,391.6507139,2158.61,0
2588.36,-139.4726817,2727.83,0
2832,57.20237885,2774.80,0
2683.33,173.1794197,2510.15,0
2800,89.40644195,2710.59,0
2580,206.7779281,2373.22,0
2747.82,111.5852912,2636.23,0
2621.46,-310.6433191,2932.10,1
2591.67,-219.7108404,2811.38,1
2547.42,-91.56156932,2638.98,0
2651.25,-55.65469111,2706.90,0
2678.28,189.8231273,2488.46,0
2768.21,-115.117162,2883.33,0
2620.6,500.1177231,2120.48,0
2530,-5.265834535,2535.27,0
2538.89,-83.03098507,2621.92,0
2479.98,211.2209799,2268.76,0
2666.67,265.3010727,2401.37,0
2769.26,554.3685247,2214.89,0
2510,148.0750627,2361.92,0
2673.92,-231.6037569,2905.52,1
2753.95,-22.00224344,2775.95,0
2830.31,-127.5230295,2957.83,0
2678,151.9784382,2526.02,0
2662.8,-121.3900346,2784.19,0
2683.11,216.4483664,2466.66,0
2501.3,88.91420419,2412.39,0
2747.37,-7.949176977,2755.32,0
2452.33,78.29944201,2374.03,0
2484.67,290.3252996,2194.34,0
2551.25,-177.3431312,2728.59,0
2653.34,186.7151208,2466.62,0
2828.23,-174.6908287,3002.92,0
2530,-212.6312088,2742.63,1
2673.13,-157.1531345,2830.28,0
2688.54,-447.8220487,3136.36,1
2452.5,305.0539506,2147.45,0
2622.25,-68.21163014,2690.46,0
2772.78,-156.8349094,2929.61,0
2813.2,110.2157654,2702.98,0
2679.11,-50.50258363,2729.61,0
2463.01,12.21805875,2450.79,0
2620.06,-151.9158031,2771.98,0
2595.11,482.4887472,2112.62,0
2610.74,118.2918958,2492.45,0
2674,-385.4889819,3059.49,1
2696.67,-72.86258295,2769.53,0
2615.18,-0.437974737,2615.62,0
2523.75,189.9497256,2333.80,0
2773.07,663.5361658,2109.53,0
2514,219.5730513,2294.43,0
2838.97,-193.8249931,3032.79,0
2691.5,-5.254776908,2696.75,0
2798,-129.9658609,2927.97,0
2603.34,112.2195381,2491.12,0
2730,549.78745,2180.21,0
2690,-38.28582642,2728.29,0
2697.11,-138.1447437,2835.25,0
2713.33,-68.68616715,2782.02,0
2803.31,245.2308881,2558.08,0
2459.74,161.2010352,2298.54,0
2710.24,-43.96219351,2754.20,0
2729,-86.07661724,2815.08,0
2475.48,-148.9510128,2624.43,0
2551.74,-281.248086,2832.99,1
2553.11,42.25810752,2510.85,0
2510.53,-62.66635185,2573.20,0
2511,-177.5312688,2688.53,0
2570.33,-100.8339376,2671.16,0
2591.75,-93.88998583,2685.64,0
2487.2,242.1936266,2245.01,0
2665.33,-227.7118931,2893.04,1
2832.54,69.86873025,2762.67,0
2509.19,-223.222887,2732.41,1
2766.67,142.4929356,2624.18,0
2588.5,-22.72935942,2611.23,0
2525.34,198.8413383,2326.50,0
2645.9,-34.2071793,2680.11,0
2759.21,256.787741,2502.42,0
2725,-109.2458207,2834.25,0
2633.74,-171.5528774,2805.29,0
2694.5,-184.8907047,2879.39,0
2615,-37.62824847,2652.63,0
2677.87,-240.7303663,2918.60,1
2645.33,-218.4134291,2863.74,1
2613,-63.92156023,2676.92,0
2669.91,-286.2488497,2956.16,1
2619.75,-191.107244,2810.86,0
2569.99,-130.3904908,2700.38,0
2776.42,334.6425834,2441.78,0
2798.8,257.9077036,2540.89,0
2558,-238.4434885,2796.44,1
2766.67,245.2200474,2521.45,0
2752.01,-269.83112,3021.84,1
2740,59.42717248,2680.57,0
2488,421.7286603,2066.27,0
2763.88,-247.1553268,3011.04,1
2460.75,144.8782029,2315.87,0
2651.67,131.1874035,2520.48,0
2609,55.90191305,2553.10,0
2797.41,141.5714218,2655.84,0
2636.67,-132.8183027,2769.49,0
2463.76,-132.9583547,2596.72,0
2715.88,-151.6615905,2867.54,0
2635,205.3129107,2429.69,0
2791.74,-30.15908957,2821.90,0
2525.63,-39.60709369,2565.24,0
2749.12,235.7836468,2513.34,0
2574.33,-128.9672754,2703.30,0
2674.26,-311.0096214,2985.27,1
2677.33,71.36789458,2605.96,0
2676,128.606613,2547.39,0
2833.33,-150.3266858,2983.66,0
2627,438.0490789,2188.95,0
2581.1,-207.5376719,2788.64,1
2550,315.1826275,2234.82,0
2503.33,-13.58532765,2516.92,0
2713.09,-96.46118226,2809.55,0
2704.23,253.1166799,2451.11,0
2539.81,240.615007,2299.19,0
2643.7,53.6100093,2590.09,0
2596,-264.7748718,2860.77,1
2635.44,204.5360574,2430.90,0
2469.47,-98.90142739,2568.37,0
2774,-166.7529626,2940.75,0
2804.5,20.26741649,2784.23,0
2792,-120.1883333,2912.19,0
2777.58,-139.343686,2916.92,0
2505.2,-189.1098175,2694.31,0
2781.14,-70.07629905,2851.22,0
2704.4,-218.3310134,2922.73,1
2626.5,-351.5947024,2978.09,1
2582,62.57556738,2519.42,0
2492,-1.263502919,2493.26,0
2605.96,112.1357991,2493.82,0
2780,112.8904585,2667.11,0
2488.32,258.8252505,2229.49,0
2789,399.6129405,2389.39,0
2663.25,-67.15626628,2730.41,0
2769.69,-232.9854241,3002.68,1
2561.25,153.0565529,2408.19,0
2630.83,276.7741559,2354.06,0
2655.5,81.09370493,2574.41,0
2472,-37.25686009,2509.26,0
2510,-79.22262525,2589.22,0
2672.5,-330.8168199,3003.32,1
2670,35.61814264,2634.38,0
2531,-108.9870582,2639.99,0
2500,318.4163778,2181.58,0
2702.25,85.52357187,2616.73,0
2507.57,364.4505576,2143.12,0
2628.33,5.839715778,2622.49,0
2592.38,208.7771491,2383.60,0
2562,-231.7916866,2793.79,1
2653.33,-123.4267768,2776.76,0
2649,-221.6059166,2870.61,1
2794,-24.60943163,2818.61,0
2810.5,21.52903321,2788.97,0
2553.73,122.4831165,2431.25,0
2749.33,-486.9495061,3236.28,1
2685,35.13425038,2649.87,0
2602.75,0.095263349,2602.65,0
2686.2,-56.48782487,2742.69,0
2507.5,-334.4973706,2842.00,1
2690,118.3063744,2571.69,0
2811.25,-624.1984327,3435.45,1
2473.35,241.1410649,2232.21,0
2611.6,-81.10965402,2692.71,0
2629.38,80.78778242,2548.59,0
2689.45,-111.6715386,2801.12,0
2552.5,-65.0092619,2617.51,0
2495,476.9439137,2018.06,0
2679.5,260.7942417,2418.71,0
2507.81,55.82143365,2451.99,0
2650.89,-76.22789698,2727.12,0
2655,-1.362133045,2656.36,0
2681.5,33.57469793,2647.93,0
2473.66,367.6543675,2106.01,0
2673.95,-255.1894078,2929.14,1
2539.8,-409.0285421,2948.83,1
2807.67,-4.700837798,2812.37,0
2504,-369.8664595,2873.87,1
2785.79,92.54112602,2693.25,0
2823.33,13.99021183,2809.34,0
2621,252.7203221,2368.28,0
2776,70.46788013,2705.53,0
2482.25,-50.27462381,2532.52,0
2757,179.7950801,2577.20,0
2785.11,-168.2721072,2953.38,0
2702.5,-5.796558654,2708.30,0
2505,-276.9154007,2781.92,1
2533.11,-37.04828203,2570.16,0
2666.67,679.3089068,1987.36,0
2606,-306.2699035,2912.27,1
2630.5,-63.98226794,2694.48,0
2812.5,-40.77764431,2853.28,0
2650,58.944615,2591.06,0
2543.72,-260.2165204,2803.94,1
2521.4,-167.5114716,2688.91,0
2543.5,108.8058504,2434.69,0
2785.33,567.6415745,2217.69,0
2743.25,-299.8338113,3043.08,1
2764,-202.1587556,2966.16,1
2490,-309.3895595,2799.39,1
2613,-284.1914316,2897.19,1
2550,-40.03314993,2590.03,0
2730,-432.3559409,3162.36,1
2550.73,241.9641726,2308.77,0
2794.67,-309.6171432,3104.29,1
2545,134.067336,2410.93,0
2718,286.6684753,2431.33,0
2722,79.04591625,2642.95,0
2636.33,97.8216807,2538.51,0
2800.92,-18.71476997,2819.63,0
2703.37,-479.0884151,3182.46,1
2630.07,-414.1543402,3044.22,1
2550,155.8184367,2394.18,0
2660,621.6698852,2038.33,0
2477.76,251.2285876,2226.53,0
2764,-191.3235013,2955.32,0
2665,426.4266584,2238.57,0
2482,48.34928149,2433.65,0
2544.67,-206.1887208,2750.86,1
2805.52,-119.903356,2925.42,0
2733.33,-54.95923285,2788.29,0
2661.96,-59.86111175,2721.82,0
2588.06,216.2669584,2371.79,0
2730,-264.3461689,2994.35,1
2516.3,285.9512488,2230.35,0
2527.67,366.1698031,2161.50,0
2645.5,52.2282187,2593.27,0
2773,56.02574813,2716.97,0
2607.6,139.7184773,2467.88,0
2560,459.7659983,2100.23,0
2713.91,-62.23540108,2776.15,0
2578.58,94.40862999,2484.17,0
2499.33,-209.2586094,2708.59,1
2504.5,-214.417472,2718.92,1
2810.75,242.6202122,2568.13,0
2558,-282.4620746,2840.46,1
2650.2,-419.7100512,3069.91,1
2452,208.2889132,2243.71,0
2495.1,-103.6591701,2598.76,0
2451.67,24.40551391,2427.26,0
2616,-289.0468591,2905.05,1
2600,442.1073566,2157.89,0
2494.15,52.65430361,2441.50,0
2564,4.6078189,2559.39,0
2544.75,201.7092998,2343.04,0
2505.33,209.9243866,2295.41,0
2625,-191.5479972,2816.55,0
2525,-56.1094277,2581.11,0
2517.5,-130.1012214,2647.60,0
2630.4,67.53690014,2562.86,0
2536.19,113.7679155,2422.42,0
2752.06,157.5371618,2594.52,0
2777.83,-18.58866597,2796.42,0
2737.81,-175.9929246,2913.80,0
2830,61.31664523,2768.68,0
2710,-142.2413581,2852.24,0
2585.22,-35.38201946,2620.60,0
2815,148.6190311,2666.38,0
2534.09,320.0835449,2214.01,0
2757.64,-73.09512541,2830.74,0
2640.59,373.8789794,2266.71,0
2466.49,165.3183235,2301.17,0
2541.63,-149.9953161,2691.63,0
2469.4,78.05167156,2391.35,0
2479.33,152.844825,2326.49,0
2645.33,13.43930727,2631.89,0
2648.89,-149.1575924,2798.05,0
2581.5,-181.8827324,2763.38,0
2717.67,-234.2308522,2951.90,1
2646.67,-214.0059466,2860.68,1
2720,128.1653088,2591.83,0
2452.5,206.1594111,2246.34,0
2570.89,454.1990308,2116.69,0
2534.59,157.7362906,2376.85,0
2777.56,-115.0825422,2892.64,0
2484,262.3125612,2221.69,0
2518,89.03004436,2428.97,0
2731.53,-391.2367499,3122.77,1
2794,-32.08691564,2826.09,0
2817,325.2152767,2491.78,0
2532,-461.398215,2993.40,1
2660.75,212.7475168,2448.00,0
2716.34,-115.5147071,2831.85,0
2550,239.7991734,2310.20,0
2546.37,17.29587866,2529.07,0
2710,-283.3687291,2993.37,1
2602,-237.8347758,2839.83,1
2505,-299.1712489,2804.17,1
2507.99,-420.7441951,2928.73,1
2773.67,-88.57242296,2862.24,0
2715.38,-372.8114725,3088.19,1
2487.33,-448.4602709,2935.79,1
2566.25,339.3207164,2226.93,0
2673.33,274.3093433,2399.02,0
2680,160.4419884,2519.56,0
2754.02,232.1191634,2521.90,0
2574.5,233.3171507,2341.18,0
2500,-29.72029148,2529.72,0
2467.62,470.6547282,1996.97,0
2623.91,411.025238,2212.88,0
2757.8,232.0854997,2525.71,0
2636.33,-149.2762578,2785.61,0
2455,126.8854382,2328.11,0
2630,-85.00131105,2715.00,0
2690,398.1182782,2291.88,0
2585.14,-60.23918334,2645.38,0
2719,-624.8745503,3343.87,1
2575,628.1952444,1946.80,0
2557.67,145.1215354,2412.55,0
2730,231.1755466,2498.82,0
2547,-184.9547747,2731.95,0
2726.94,-436.6416262,3163.58,1
2600,156.1444025,2443.86,0
2568,62.22449374,2505.78,0
2606.96,261.897664,2345.06,0
2694.67,266.8821908,2427.79,0
2594,-69.45393869,2663.45,0
2633.09,341.720283,2291.37,0
2803.33,37.88697757,2765.44,0
2570.2,101.929555,2468.27,0
2478.1,195.6161576,2282.48,0
2563.52,-211.6803721,2775.20,1
2508,308.8413725,2199.16,0
2503.67,-209.8140348,2713.48,1
2820,-94.52662352,2914.53,0
2793.5,192.5172653,2600.98,0
2522.33,67.90770186,2454.42,0
2708.78,-79.19150188,2787.97,0
2674.33,-27.25355164,2701.58,0
2750.03,-20.51791959,2770.55,0
2550.6,10.96523949,2539.63,0
2656.1,79.42417552,2576.68,0
2617.5,-127.2012075,2744.70,0
2525.5,204.7025895,2320.80,0
2690.4,-72.1475607,2762.55,0
2500,72.77713462,2427.22,0
2783,-488.1775816,3271.18,1
2532.43,19.87752164,2512.55,0
2825.76,-370.5800844,3196.34,1
2707.47,-261.7715221,2969.24,1
2745.88,145.6634916,2600.22,0
2703.25,7.476444738,2695.77,0
2830,416.4571056,2413.54,0
2548,82.9221873,2465.08,0
2767.67,67.79878503,2699.87,0
2808.67,14.56260053,2794.11,0
2712.06,154.4036962,2557.66,0
2610,-203.9268868,2813.93,1
2537.8,291.306554,2246.49,0
2660,6.21397968,2653.79,0
2787.78,-383.7675178,3171.55,1
2612.5,-352.750067,2965.25,1
2700,-2.575906087,2702.58,0
2525.48,28.34386018,2497.14,0
2756,182.4103972,2573.59,0
2666.41,17.47856068,2648.93,0
2655,-270.7340447,2925.73,1
2523.6,65.06538376,2458.53,0
2633.75,-247.1291271,2880.88,1
2466.67,-33.01833487,2499.69,0
2530,232.7472996,2297.25,0
2706.67,10.2923833,2696.38,0
2602.5,-26.90401387,2629.40,0
2456,-283.7171648,2739.72,1
2842.9,-126.0845009,2968.98,0
2599.67,-154.5574297,2754.23,0
2653.34,-5.557015008,2658.90,0
2583.89,-289.9997921,2873.89,1
2612,-239.9967794,2852.00,1
2797.5,321.6334948,2475.87,0
2666.67,-146.9124941,2813.58,0
2768,-226.6385725,2994.64,1
2664.5,-186.2204079,2850.72,0
2676.8,-204.3162896,2881.12,1
2771.67,208.1695502,2563.50,0
2839.45,13.25388803,2826.20,0
2760,359.2293006,2400.77,0
2493.17,-40.22401001,2533.39,0
2542.75,544.1623253,1998.59,0
2537.5,67.51466095,2469.99,0
2533.33,-85.75265464,2619.08,0
2553.05,144.5264142,2408.52,0
2666.56,-103.4562481,2770.02,0
2767.16,-22.68561546,2789.85,0
2702.17,-84.42554884,2786.60,0
2559.6,-61.3292313,2620.93,0
2510,80.34300277,2429.66,0
2598.75,-184.6090591,2783.36,0
2770.89,-50.29945233,2821.19,0
2750.62,397.6828173,2352.94,0
2467.2,-290.4112445,2757.61,1
2535,166.8824378,2368.12,0
2455.7,318.8785559,2136.82,0
2810.43,-58.51487523,2868.94,0
2824.6,231.2517412,2593.35,0
2690.67,-25.47602906,2716.15,0
2628.29,-69.03968874,2697.33,0
2454.3,537.698763,1916.60,0
2516.67,90.73632249,2425.93,0
2452.12,-338.9858997,2791.11,1
2734.25,7.740475832,2726.51,0
2547,-112.4599865,2659.46,0
2506.67,-403.3898663,2910.06,1
2480,325.8424809,2154.16,0
2578.33,-18.3654323,2596.70,0
2626.75,560.4713698,2066.28,0
2808.96,165.6473857,2643.31,0
2485.01,66.25814043,2418.75,0
2583.33,-703.3797506,3286.71,1
2740,-93.41380551,2833.41,0
2564,-140.4303623,2704.43,0
2496.66,92.57287587,2404.09,0
2678.29,482.0766614,2196.21,0
2511.25,162.2230139,2349.03,0
2679,-79.18915813,2758.19,0
2551.67,229.3762881,2322.29,0
2648.5,306.4187512,2342.08,0
2720.4,-173.5210322,2893.92,0
2525.71,135.6114261,2390.10,0
2795,100.3494,2694.65,0
2810.07,444.0770288,2365.99,0
2462.63,-197.9981506,2660.63,0
2545,-230.8404853,2775.84,1
2717.4,253.5176446,2463.88,0
2650.82,-120.5552515,2771.38,0
2787.5,-116.0423378,2903.54,0
2833.33,-808.670876,3642.00,1
2679.22,-88.1424501,2767.36,0
2847.75,79.14506086,2768.60,0
2737.9,-69.19705314,2807.10,0
2698.33,-212.1148118,2910.44,1
2518,-346.7786748,2864.78,1
2570.67,-156.4569607,2727.13,0
2556.38,-147.8108232,2704.19,0
2524.11,122.8536992,2401.26,0
2760.29,-180.9879468,2941.28,0
2703.92,216.7755068,2487.14,0
2676.89,14.52630749,2662.36,0
2702.5,-226.4170542,2928.92,1
2704,221.5494849,2482.45,0
2591,75.75780454,2515.24,0
2540.68,-200.4636031,2741.14,1
2584.5,-83.05875335,2667.56,0
2455,-16.66748787,2471.67,0
2642.24,-339.3015749,2981.54,1
2660,-42.83328135,2702.83,0
2726,364.5741711,2361.43,0
2520,-432.3144647,2952.31,1
2475,24.76561637,2450.23,0
2709.17,87.94440386,2621.23,0
2639,421.2752253,2217.72,0
2477.17,-262.0895665,2739.26,1
2760,226.6918649,2533.31,0
2733.33,-302.3330491,3035.66,1
2741.28,37.03227343,2704.25,0
2550,224.2487318,2325.75,0
2536.25,-52.27758773,2588.53,0
2527.33,-176.4008021,2703.73,0
2575.06,-89.56241988,2664.62,0
2695.5,382.7126603,2312.79,0
2533.2,-82.34049959,2615.54,0
2650,-134.0698652,2784.07,0
2474,-135.6380039,2609.64,0
2450,163.8100995,2286.19,0
2820,46.47645741,2773.52,0
2585.67,-588.3425855,3174.01,1
2814.6,198.2266448,2616.37,0
2615.4,201.8571824,2413.54,0
2547.33,-122.1269887,2669.46,0
2779.8,347.9790902,2431.82,0
2500,470.9596668,2029.04,0
2592.5,52.7690725,2539.73,0
2575,-307.2411288,2882.24,1
2692.25,30.98414411,2661.27,0
2625,209.3694035,2415.63,0
2829,-35.73428666,2864.73,0
2468.52,100.4203631,2368.10,0
2779.99,216.3499809,2563.64,0
2787.57,191.4037629,2596.17,0
2673.5,355.4229915,2318.08,0
2655,-415.7930132,3070.79,1
2450,-89.29133542,2539.29,0
2476.8,-151.9640569,2628.76,0
2500,245.7200271,2254.28,0
2835.67,119.6641664,2716.01,0
2535,26.80926517,2508.19,0
2573.39,-10.72348982,2584.11,0
2616.6,456.2352287,2160.36,0
2514.5,247.9589485,2266.54,0
2530,73.28765864,2456.71,0
2485,103.8790757,2381.12,0
2775,392.0312608,2382.97,0
2735.32,45.76060467,2689.56,0
2783.33,-443.6098319,3226.94,1
2829.16,-159.2024955,2988.36,0
2589.57,223.9026316,2365.67,0
2579.33,-142.903986,2722.23,0
2501.45,-325.9804895,2827.43,1
2580,-315.376558,2895.38,1
2670.2,-121.5697697,2791.77,0
2701.5,449.7632101,2251.74,0
2494.5,159.708726,2334.79,0
2530,-225.5424906,2755.54,1
2531.33,438.3663742,2092.96,0
2643.38,236.7460601,2406.63,0
2491,-242.0632079,2733.06,1
2456,-10.69769836,2466.70,0
2568.2,191.5282289,2376.67,0
2820,172.8627412,2647.14,0
2748,74.06297826,2673.94,0
2782,28.45306144,2753.55,0
2775,-280.7304547,3055.73,1
2736,-73.21208774,2809.21,0
2731,190.8021209,2540.20,0
2625.67,81.74172227,2543.93,0
2471.67,152.834939,2318.84,0
2550,-208.348979,2758.35,1
2616,1.868520191,2614.13,0
2674.88,-217.6686256,2892.55,1
2475.85,278.8805616,2196.97,0
2666.79,342.7141873,2324.08,0
2742.09,-136.0251357,2878.12,0
2520,77.51143548,2442.49,0
2470,-113.2534009,2583.25,0
2520,-61.48368228,2581.48,0
2767.67,256.2703152,2511.40,0
2475,156.9463036,2318.05,0
2572,-332.1634273,2904.16,1
2532,-464.7321644,2996.73,1
2520,16.2255749,2503.77,0
2553.25,134.1186676,2419.13,0
2649.01,-87.76321956,2736.77,0
2453.44,-119.0528427,2572.49,0
2503,-114.5231927,2617.52,0
2819.5,-106.0560913,2925.56,0
2811.6,318.3567894,2493.24,0
2620,-188.6966624,2808.70,0
2818.17,-146.6416109,2964.81,0
2673.73,-19.15373349,2692.88,0
2631.35,-530.1617932,3161.51,1
2550.57,-23.28450238,2573.85,0
2470,216.7197574,2253.28,0
2550,267.407159,2282.59,0
2644.21,334.0667447,2310.14,0
2469.5,-170.9235872,2640.42,0
2479,-134.762398,2613.76,0
2614.67,431.4778403,2183.19,0
2688,76.54560019,2611.45,0
2506.82,183.5203069,2323.30,0
2767.33,275.3555849,2491.97,0
2580,94.97558199,2485.02,0
2583.63,312.5682872,2271.06,0
2600,-89.60018614,2689.60,0
2704.12,-151.6287747,2855.75,0
2500,-211.5531361,2711.55,1
2812.4,-389.4751286,3201.88,1
2607.66,61.30294006,2546.36,0
2704,396.2101016,2307.79,0
2575,-123.0186885,2698.02,0
2702,310.927346,2391.07,0
2492.67,103.7474759,2388.92,0
2510.7,-75.16321795,2585.86,0
2560.51,-221.3125042,2781.82,1
2790,-176.7281637,2966.73,0
2711.67,-233.6078631,2945.28,1
2770,-116.0270562,2886.03,0
2641.7,-292.3280092,2934.03,1
2730.58,308.6951823,2421.88,0
2730,46.70428634,2683.30,0
2686.48,-118.9107861,2805.39,0
2650,120.6001743,2529.40,0
2828.58,-296.6852476,3125.27,1
2620,142.2282557,2477.77,0
2466.67,-62.51976092,2529.19,0
2817.04,365.4725877,2451.57,0
2570,51.35732739,2518.64,0
2769.08,86.57041286,2682.51,0
2819.43,384.3262087,2435.10,0
2493.95,-413.2191604,2907.17,1
2588.75,-143.5908027,2732.34,0
2567.13,138.1298316,2429.00,0
2505.36,44.61656455,2460.74,0
2528.55,-75.24722116,2603.80,0
2670.75,50.32990495,2620.42,0
2758.75,-135.8094185,2894.56,0
2495,27.98925068,2467.01,0
2553.32,-261.6107137,2814.93,1
2813.33,-477.8313982,3291.16,1
2490.25,5.61253725,2484.64,0
2454.33,93.51067791,2360.82,0
2568,-268.5225593,2836.52,1
2603.5,-7.420165257,2610.92,0
2490.77,-321.0001308,2811.77,1
2823.58,404.8529794,2418.73,0
2693.6,101.5064807,2592.09,0
2547.17,-15.71482919,2562.88,0
2472.5,87.3132479,2385.19,0
2610.4,184.2232442,2426.18,0
2590,219.9733352,2370.03,0
2730,162.264735,2567.74,0
2713.13,-20.13689512,2733.27,0
2515.43,-274.1955429,2789.63,1
2475,-189.8239631,2664.82,0
2569,-214.4737888,2783.47,1
2790,-102.9522668,2892.95,0
2665.66,248.037287,2417.62,0
2809.12,274.2218185,2534.90,0
2570,227.3636568,2342.64,0
2592.2,44.33790838,2547.86,0
2491,-109.6802415,2600.68,0
2581,115.7696472,2465.23,0
2491.43,-19.26689604,2510.70,0
2522.15,18.27421695,2503.88,0
2557.18,-157.4341861,2714.61,0
2798.25,-2.660961878,2800.91,0
2518.33,-310.2313378,2828.56,1
2748.4,297.4659265,2450.93,0
2571,-378.0937419,2949.09,1
2585.8,-410.4328633,2996.23,1
2454.27,179.2958188,2274.97,0
2600,30.72357538,2569.28,0
2524.33,-26.71466466,2551.04,0
2604.07,-121.5434555,2725.61,0
2503.33,-125.7420609,2629.07,0
2518.72,142.9158404,2375.80,0
2573.5,73.789429,2499.71,0
2720,-581.5842109,3301.58,1
2638.6,-325.0260702,2963.63,1
2645,34.07143999,2610.93,0
2775,85.19071106,2689.81,0
2752.37,-75.59303706,2827.96,0
2664,18.59780977,2645.40,0
2660,13.42961398,2646.57,0
2645.36,19.58289967,2625.78,0
2748.33,-237.4303058,2985.76,1
2768.96,454.0531311,2314.91,0
2798.67,-49.96259357,2848.63,0
2543.33,-292.3381657,2835.67,1
2688.56,-173.9992525,2862.56,0
2705,-217.3772711,2922.38,1
2646.67,147.9465954,2498.72,0
2597.35,470.5533835,2126.80,0
2671.8,176.4503941,2495.35,0
2580,610.7995909,1969.20,0
2460.5,31.26134363,2429.24,0
2833.78,244.7506657,2589.03,0
2847.81,-221.1947018,3069.00,1
2545.33,378.2228872,2167.11,0
2627.67,-162.854682,2790.52,0
2514.5,-435.7157154,2950.22,1
2667.46,-446.2592099,3113.72,1
2667.5,-400.3494503,3067.85,1
2780,152.6443511,2627.36,0
2649.72,255.5413862,2394.18,0
2846,46.14126071,2799.86,0
2520.13,451.0098493,2069.12,0
2520,145.5706538,2374.43,0
2646.36,559.2857556,2087.07,0
2815,-32.90227965,2847.90,0
2487,112.4975264,2374.50,0
2525,221.5051219,2303.49,0
2784,156.9533598,2627.05,0
2581.5,19.54749329,2561.95,0
2486.67,166.3457111,2320.32,0
2722.66,-89.58584257,2812.25,0
2580,432.372134,2147.63,0
2662.67,-117.5045073,2780.17,0
2499,244.8303827,2254.17,0
2530.23,36.85685477,2493.37,0
2825.13,-99.31226334,2924.44,0
2580.2,19.32949246,2560.87,0
2736.27,39.12087729,2697.15,0
2717.41,43.08365564,2674.33,0
2620,164.4028829,2455.60,0
2555.18,158.0017789,2397.18,0
2541.5,150.6706839,2390.83,0
2706.67,158.3282984,2548.34,0
2690,-587.5820406,3277.58,1
2774.4,-117.8590149,2892.26,0
2808.6,-38.05263069,2846.65,0
2675,-395.9918034,3070.99,1
2744.54,-124.3959416,2868.94,0
2548.05,-394.1142495,2942.16,1
2849,38.94140712,2810.06,0
2733.33,-24.77683625,2758.11,0
2665,58.75205667,2606.25,0
2595,14.71888582,2580.28,0
2465,-54.17431165,2519.17,0
2478.75,200.1256205,2278.62,0
2590,179.7472909,2410.25,0
2720,112.8155971,2607.18,0
2508.33,34.14881323,2474.18,0
2727,349.383615,2377.62,0
2637.67,-134.7687495,2772.44,0
2660,28.63248576,2631.37,0
2773,-82.02436282,2855.02,0
2753.5,-136.8141728,2890.31,0
2725,303.8892366,2421.11,0
2750,168.3036883,2581.70,0
2566.67,44.78309679,2521.89,0
2524.67,-370.531107,2895.20,1
2794,166.9490652,2627.05,0
2488.94,-25.15924757,2514.10,0
2571,216.0399872,2354.96,0
2800.07,400.8938484,2399.18,0
2648,364.6441985,2283.36,0
2660.75,192.9138416,2467.84,0
2460.22,72.80992909,2387.41,0
2579.51,59.70219288,2519.81,0
2479.13,-6.732695299,2485.86,0
2814.82,-26.30348408,2841.12,0
2712.5,71.22358628,2641.28,0
2771.41,107.8498209,2663.56,0
2676.53,-62.78590166,2739.32,0
2710.33,-395.0086297,3105.34,1
2716.94,-9.902169017,2726.84,0
2841.17,45.78040452,2795.39,0
2518.97,36.33624222,2482.63,0
2748.65,-171.5606699,2920.21,0
2768,-184.3296778,2952.33,0
2753.33,8.431282011,2744.90,0
2772.56,200.1038914,2572.46,0
2515.5,268.2396142,2247.26,0
2585,40.26543064,2544.73,0
2765,251.2410549,2513.76,0
2800.67,306.9061719,2493.76,0
2570,257.9204865,2312.08,0
2624,113.7166391,2510.28,0
2760,-422.0022234,3182.00,1
2600,457.0871543,2142.91,0
2567,175.5469791,2391.45,0
2772.5,-190.4455322,2962.95,0
2838.5,-46.62182218,2885.12,0
2550,453.8907592,2096.11,0
2715.35,94.17850795,2621.17,0
2634.5,134.0764436,2500.42,0
2750,57.89219791,2692.11,0
2681,-70.92232456,2751.92,0
2490,173.6890891,2316.31,0
2682.67,-74.08484665,2756.75,0
2572.3,18.82507413,2553.47,0
2760.83,-219.3280656,2980.16,1
2452.5,94.42979596,2358.07,0
2605,-109.85061,2714.85,0
2560,-245.1584119,2805.16,1
2510,-493.1437923,3003.14,1
2670.67,199.5147123,2471.16,0
2682.67,-226.8058907,2909.48,1
2496,176.7643472,2319.24,0
2626.59,-17.87380285,2644.46,0
2567,118.7219051,2448.28,0
2756.25,134.6255909,2621.62,0
2763.33,-40.03040164,2803.36,0
2691.65,88.87481546,2602.78,0
2542.13,-631.319084,3173.45,1
2574.5,-350.783038,2925.28,1
2777.46,100.8200164,2676.64,0
2807.5,-133.6625659,2941.16,0
2799.98,-29.13315883,2829.11,0
2472.53,-341.3917241,2813.92,1
2678.22,-31.22035179,2709.44,0
2502.75,-230.6131464,2733.36,1
2621.4,46.88604289,2574.51,0
2600,1.160694797,2598.84,0
2655,600.9297843,2054.07,0
2686.67,-191.8931289,2878.56,0
2749.14,67.11801339,2682.02,0
2656,-87.58139935,2743.58,0
2560,179.0036779,2381.00,0
2817.5,-239.7293614,3057.23,1
2560,386.9302424,2173.07,0
2686.17,210.566669,2475.60,0
2714,238.3073087,2475.69,0
2757.02,138.4293836,2618.59,0
2632,-76.51619709,2708.52,0
2582,231.5547984,2350.45,0
2504.75,-528.932821,3033.68,1
2838.39,250.6435269,2587.75,0
2690.2,-46.52600433,2736.73,0
2585.78,141.726011,2444.05,0
2543.33,91.97099624,2451.36,0
2648.6,-75.15147922,2723.75,0
2467,228.0496838,2238.95,0
2683.33,25.35457991,2657.98,0
2737.5,187.1821332,2550.32,0
2759,20.65229595,2738.35,0
2727.59,98.04032285,2629.55,0
2753.33,397.3764062,2355.95,0
2516.5,82.1107134,2434.39,0
2505.56,320.1392816,2185.42,0
2605,-97.80432947,2702.80,0
2537.2,81.55071793,2455.65,0
2702.89,-324.9660813,3027.86,1
2739.13,-151.2369251,2890.37,0
2693.33,245.5690801,2447.76,0
2500,-34.19710647,2534.20,0
2576.46,72.53337963,2503.93,0
2666.33,274.6762095,2391.65,0
2560,670.6259289,1889.37,0
2538.86,296.742761,2242.12,0
2724.38,83.51313194,2640.87,0
2661.21,3.522785365,2657.69,0
2760,92.53059435,2667.47,0
2664.59,85.93007907,2578.66,0
2800,303.0795847,2496.92,0
2796.7,116.0138873,2680.69,0
2788.11,30.59344643,2757.52,0
2815,168.5780826,2646.42,0
2550,148.9401534,2401.06,0
2693.33,28.71953624,2664.61,0
2522.5,-179.4513598,2701.95,0
2664.8,52.96787225,2611.83,0
2655.25,209.6675508,2445.58,0
2718.5,141.1843507,2577.32,0
2809.6,-66.0813082,2875.68,0
2830,132.7001901,2697.30,0
2697.85,-463.7581171,3161.61,1
2775.67,412.1020369,2363.57,0
2713.82,131.9176241,2581.90,0
2695.4,-58.87188259,2754.27,0
2620,338.4220612,2281.58,0
2634.37,-432.5489604,3066.92,1
2736.5,208.2027801,2528.30,0
2770.19,-156.8345804,2927.02,0
2636.67,-85.59362827,2722.26,0
2773.99,202.4796544,2571.51,0
2545,-181.1049229,2726.10,0
2666.67,-211.8261095,2878.50,1
2561.33,105.6643506,2455.67,0
2485.6,188.7437889,2296.86,0
2766.25,-289.2985266,3055.55,1
2804,-213.9469965,3017.95,1
2522.87,634.714549,1888.16,0
2560.5,-3.126937179,2563.63,0
2753.33,-220.5303841,2973.86,1
2763.29,-102.9256356,2866.22,0
2450,32.15288471,2417.85,0
2710,48.19322161,2661.81,0
2578,14.80334119,2563.20,0
2466.67,-98.91551625,2565.59,0
2761.88,-237.1963219,2999.08,1
2522.75,197.3878478,2325.36,0
2547.5,241.1289364,2306.37,0
2540.25,236.2279495,2304.02,0
2550,282.9070478,2267.09,0
2650,137.6547261,2512.35,0
2690.07,190.8016361,2499.27,0
2534.33,307.2032104,2227.13,0
2796.67,90.72449542,2705.95,0
2771.75,-336.3788033,3108.13,1
2678.3,240.1840323,2438.12,0
2495.25,-26.7323263,2521.98,0
2467.5,556.21729,1911.28,0
2477.7,-11.66945669,2489.37,0
2537.5,249.7401721,2287.76,0
2635.4,-8.975774094,2644.38,0
2540,-156.334749,2696.33,0
2710,137.4101316,2572.59,0
2753,278.4162015,2474.58,0
2842,-176.0701161,3018.07,0
2479.31,-219.9614198,2699.27,1
2735,154.4598817,2580.54,0
2513,-158.6860869,2671.69,0
2702,310.2418195,2391.76,0
2747.83,336.7369929,2411.09,0
2587.5,-221.5451266,2809.05,1
2524.47,238.5959252,2285.87,0
2556.5,-243.3598137,2799.86,1
2458.75,12.01694025,2446.73,0
2556,293.2444798,2262.76,0
2710.75,-41.00206528,2751.75,0
2514.4,-309.6584899,2824.06,1
2711.67,358.1070734,2353.56,0
2549.28,0.89850721,2548.38,0
2786.25,-242.3538577,3028.60,1
2743.33,136.4802263,2606.85,0
2615,-289.3018625,2904.30,1
2691.7,26.25815328,2665.44,0
2632,144.2726517,2487.73,0
2503.34,47.66324873,2455.68,0
2680,-722.6279169,3402.63,1
2743.8,-155.8559181,2899.66,0
2746.67,-335.6542292,3082.32,1
2675,-356.7608612,3031.76,1
2775.2,450.8877047,2324.31,0
2657.58,501.9511455,2155.63,0
2747.5,-44.14051424,2791.64,0
2746.67,-166.2669668,2912.94,0
2655,82.23956172,2572.76,0
2701.5,-86.10039075,2787.60,0
2579.4,-271.5566111,2850.96,1
2681.1,-33.56630295,2714.67,0
2493.26,237.0673838,2256.19,0
2666.67,-94.75178345,2761.42,0
2700,-116.2548372,2816.25,0
2742.86,304.250911,2438.61,0
2453.75,-230.5118052,2684.26,1
2628.86,342.8504874,2286.01,0
2758.05,-44.29202926,2802.34,0
2679.75,69.6697872,2610.08,0
2597,21.12014048,2575.88,0
2480.85,256.9137985,2223.94,0
2700,-48.48851289,2748.49,0
2709.3,126.0100673,2583.29,0
2688.13,-301.3891473,2989.52,1
2775,-99.19023291,2874.19,0
2545.2,269.2181903,2275.98,0
2654.13,335.9479777,2318.18,0
2708.01,-144.9251327,2852.94,0
2702.34,27.62548469,2674.71,0
2805,415.8029284,2389.20,0
2780,-47.39333072,2827.39,0
2460.29,113.1887079,2347.10,0
2574,152.3463513,2421.65,0
2467.02,-218.5315945,2685.55,1
2510,-201.148572,2711.15,1
2513.49,156.2873844,2357.20,0
2664.5,-92.07970931,2756.58,0
2463.5,-110.3893324,2573.89,0
2614.42,138.2822902,2476.14,0
2598.75,-280.3247529,2879.07,1
2495,-158.5973619,2653.60,0
2562.67,29.36269386,2533.31,0
2781.58,276.7683791,2504.81,0
2524.69,250.6817864,2274.01,0
2508,-15.83977243,2523.84,0
2840,36.2433927,2803.76,0
2533.33,-335.4028651,2868.73,1
2640,-133.4556809,2773.46,0
2595,100.4865276,2494.51,0
2490,-219.1083259,2709.11,1
2543.33,-278.1494832,2821.48,1
2771.67,203.5808987,2568.09,0
2705,316.2345699,2388.77,0
2752.85,-456.7986905,3209.65,1
2571.5,-174.0858778,2745.59,0
2476.88,73.82211841,2403.06,0
2689.6,-618.8307158,3308.43,1
2484,202.0421501,2281.96,0
2614.69,32.52552482,2582.16,0
2578.5,199.9299033,2378.57,0
2475.83,97.15126181,2378.68,0
2467.33,459.5112507,2007.82,0
2730,-51.80531593,2781.81,0
2525.26,-139.4625654,2664.72,0
2625,-11.60621708,2636.61,0
2600,-83.36108705,2683.36,0
2707.5,-135.8957206,2843.40,0
2649.25,262.8382013,2386.41,0
2767.5,-18.44793863,2785.95,0
2834.52,93.77262751,2740.75,0
2744.64,-158.451649,2903.09,0
2603.77,88.22284912,2515.55,0
2726.99,-369.97317,3096.96,1
2566.67,-64.51404212,2631.18,0
2670,261.9022117,2408.10,0
2700,-246.6552632,2946.66,1
2685.32,141.0091984,2544.31,0
2665.61,84.3368888,2581.27,0
2555,-54.49419644,2609.49,0
2602,-73.85527056,2675.86,0
2454.5,187.1641058,2267.34,0
2560.7,-86.26034603,2646.96,0
2713.5,264.3681585,2449.13,0
2674.25,347.2625041,2326.99,0
2701.55,108.0575184,2593.49,0
2576,4.421766324,2571.58,0
2678,-112.116718,2790.12,0
2780,-9.293069975,2789.29,0
2748.54,-18.70028801,2767.24,0
2459.6,257.8970984,2201.70,0
2498,-275.7375362,2773.74,1
2748.8,-98.17764944,2846.98,0
2627.65,-65.93219933,2693.58,0
2766.18,159.6777518,2606.50,0
2687.84,257.2154889,2430.62,0
2711.71,428.2762068,2283.43,0
2722.17,499.5685595,2222.60,0
2634.67,-131.7877074,2766.46,0
2654.25,-347.8722466,3002.12,1
2493.5,-135.5216331,2629.02,0
2625,104.3752438,2520.62,0
2612.86,131.549067,2481.31,0
2679.12,-387.2910725,3066.41,1
2747.67,234.1310333,2513.54,0
2556,-158.5732303,2714.57,0
2780,-27.45847786,2807.46,0
2520.72,28.70557509,2492.01,0
2649.5,-307.4977548,2957.00,1
2766.67,-41.14393458,2807.81,0
2520,27.18893053,2492.81,0
2674.68,-59.57817928,2734.26,0
2723.75,191.0899494,2532.66,0
2459.17,263.3138038,2195.86,0
2491.8,-417.2287711,2909.03,1
2746.12,548.4972831,2197.62,0
2493,106.265327,2386.73,0
2697.7,38.84309067,2658.86,0
2801.5,81.49196056,2720.01,0
2719.41,-170.2813564,2889.69,0
2479.38,35.83608537,2443.54,0
2625.2,-292.6005974,2917.80,1
2830.96,-46.85923968,2877.82,0
2691,-232.6656929,2923.67,1
2570.88,368.396923,2202.48,0
2605.04,208.5218327,2396.52,0
2713.75,-169.8237337,2883.57,0
2622.46,-298.7605879,2921.22,1
2832,9.495255181,2822.50,0
2830,128.5685356,2701.43,0
2793.6,46.30129109,2747.30,0
2723.08,-101.7823757,2824.86,0
2753,263.0148676,2489.99,0
2658.33,-204.6810551,2863.01,1
2720,-91.16266188,2811.16,0
2506,270.854758,2235.15,0
2634,-400.8480064,3034.85,1
2536.67,-346.8247776,2883.49,1
2674.53,203.3132515,2471.22,0
2798.65,-69.22904305,2867.88,0
2706.25,191.3171631,2514.93,0
2704,215.9053131,2488.09,0
2750,-411.0262025,3161.03,1
2602.5,151.6362114,2450.86,0
2565,-314.3926745,2879.39,1
2594.33,-2.591421402,2596.92,0
2740,541.3482287,2198.65,0
2730.05,131.7462451,2598.30,0
2510.67,32.85509763,2477.81,0
2792.49,669.9233477,2122.57,0
2686.32,-164.4020784,2850.72,0
2476.75,45.86304631,2430.89,0
2653.33,152.631615,2500.70,0
2504.5,88.74558121,2415.75,0
2482.75,34.38611656,2448.36,0
2515,747.5468065,1767.45,0
2751.5,121.509902,2629.99,0
2666.67,400.8636804,2265.81,0
2688.33,78.53770269,2609.79,0
2717.95,49.45621188,2668.49,0
2661,125.166462,2535.83,0
2605.64,132.7678231,2472.87,0
2753.33,43.50169524,2709.83,0
2608.33,254.111943,2354.22,0
2559.88,6.583648235,2553.30,0
2739.67,-178.4010054,2918.07,0
2824,-62.75207736,2886.75,0
2541.14,-52.15283122,2593.29,0
2685,625.0573216,2059.94,0
2672.17,135.4141741,2536.76,0
2766.67,42.83463101,2723.84,0
2550,463.1243927,2086.88,0
2501.67,-42.79188384,2544.46,0
2848,-26.70623635,2874.71,0
2846.67,383.5293382,2463.14,0
2500,-482.8242007,2982.82,1
2714.15,-113.1103311,2827.26,0
2693.33,-337.9110244,3031.24,1
2690,-547.4730682,3237.47,1
2760,-113.5464931,2873.55,0
2686.4,119.287248,2567.11,0
2506.25,-67.13547023,2573.39,0
2775.83,-100.0933494,2875.92,0
2500,513.6177627,1986.38,0
2813.3,-229.3868744,3042.69,1
2613.75,66.71937274,2547.03,0
2606.3,135.4545483,2470.85,0
2733,-245.6468878,2978.65,1
2466.3,416.398812,2049.90,0
2470,-328.2214133,2798.22,1
2606.86,-271.1625164,2878.02,1
2849.3,193.0593348,2656.24,0
2590,-114.0676575,2704.07,0
2800.37,137.0205118,2663.35,0
2832.46,17.56521924,2814.89,0
2794.67,204.4502789,2590.22,0
2613.33,150.289432,2463.04,0
2806.67,88.1045264,2718.57,0
2574.33,75.54458007,2498.79,0
2614.67,-332.3552638,2947.03,1
2535,-98.40629481,2633.41,0
2510.68,-191.0972914,2701.78,0
2466.8,-140.780091,2607.58,0
2658.33,124.7690035,2533.56,0
2557.25,71.1414353,2486.11,0
2620,31.27500353,2588.72,0
2742,-157.2790551,2899.28,0
2500,366.1466693,2133.85,0
2774.5,348.4752494,2426.02,0
2480,483.7993348,1996.20,0
2750,38.9275004,2711.07,0
2754,-300.8573297,3054.86,1
2600,544.5205356,2055.48,0
2660,170.2654681,2489.73,0
2666.67,-200.6285888,2867.30,1
2695,-37.53297954,2732.53,0
2580,-3.128999937,2583.13,0
2550,151.7378607,2398.26,0
2680.29,-85.01943708,2765.31,0
2765,209.3226187,2555.68,0
2580,-86.11357494,2666.11,0
2550,-83.92584271,2633.93,0
2513.01,505.9045318,2007.11,0
2760,519.4955284,2240.50,0
2590.5,-55.54250817,2646.04,0
2630.4,-183.1149448,2813.51,0
2500,-452.9438655,2952.94,1
2750,-141.5872987,2891.59,0
2776.5,-367.7555756,3144.26,1
2533.33,-408.1591962,2941.49,1
2565,260.7631495,2304.24,0
2500,601.8099822,1898.19,0
2603.33,-0.302197993,2603.63,0
2805,-85.81900159,2890.82,0
2666.67,-64.43015656,2731.10,0
2780,32.5220351,2747.48,0
2702,476.6588657,2225.34,0
2726.67,17.6755927,2708.99,0
2760,307.9679862,2452.03,0
2613.75,171.2053502,2442.54,0
2690.75,101.7248558,2589.03,0
2580.6,302.0234888,2278.58,0
2830.5,-71.50237418,2902.00,0
2680,135.9725678,2544.03,0
2672.5,350.3249373,2322.18,0
2500,238.0706441,2261.93,0
2615,273.5109381,2341.49,0
2770,226.4333901,2543.57,0
2727.49,-116.0724349,2843.56,0
2680,158.8330202,2521.17,0
2760,21.9812294,2738.02,0
2708,178.7419263,2529.26,0
2580,236.6260598,2343.37,0
2805,321.0201573,2483.98,0
2500,-34.23082929,2534.23,0
2491.09,-350.9436079,2842.03,1
2788,-207.5759955,2995.58,1
2586.18,-151.9422736,2738.12,0
2520,200.4303289,2319.57,0
2464,364.8624018,2099.14,0
2550,431.4374907,2118.56,0
2735.89,-32.94128297,2768.83,0
2585,34.46204615,2550.54,0
2567.5,211.267631,2356.23,0
2824.3,223.6697155,2600.63,0
2773.01,-277.0353181,3050.05,1
2503.33,450.7261652,2052.60,0
2780.75,161.677217,2619.07,0
2773.33,-35.08513648,2808.42,0
2730,-163.1221603,2893.12,0
2573.33,61.52432517,2511.81,0
2600,-66.91524579,2666.92,0
2774.5,-184.9388934,2959.44,0
2450.53,292.8942543,2157.64,0
2654.38,271.1278773,2383.25,0
2475,353.7576375,2121.24,0
2637.13,260.5614895,2376.57,0
2560,754.9310262,1805.07,0
2470,101.4169188,2368.58,0
2810,245.8917881,2564.11,0
2770,223.8028516,2546.20,0
2610,216.9963589,2393.00,0
2700,231.1949249,2468.81,0
2670,4.776814928,2665.22,0
2740,157.9751012,2582.02,0
2779.57,-302.3025436,3081.87,1
2668,13.79884751,2654.20,0
2561.33,215.1211892,2346.21,0
2666.67,-355.4353142,3022.11,1
2773.75,254.5723989,2519.18,0
2547.25,235.0871936,2312.16,0
2542,-19.27257992,2561.27,0
2586.67,114.3909115,2472.28,0
2515.4,-23.52012727,2538.92,0
2560,277.5818774,2282.42,0
2550,-32.21178069,2582.21,0
2545.33,373.4654409,2171.86,0
2520,309.3434936,2210.66,0
2780.33,393.492047,2386.84,0
2712.12,259.8651328,2452.25,0
2706.67,-241.7130186,2948.38,1
2831.5,197.1582841,2634.34,0
2548,290.9778072,2257.02,0
2780,-34.77974631,2814.78,0
2472,36.75528431,2435.24,0
2540,-382.6361854,2922.64,1
2530,-421.2056941,2951.21,1
2840,-79.59366551,2919.59,0
2750,150.7611154,2599.24,0
2585,44.28884336,2540.71,0
2785,429.8067056,2355.19,0
2560,-51.98784029,2611.99,0
2507.1,74.38394148,2432.72,0
2584.93,-149.1225211,2734.05,0
2666.67,413.2953475,2253.37,0
2825,629.3518148,2195.65,0
2585,108.032138,2476.97,0
2600,211.0923604,2388.91,0
2774.4,-30.70023691,2805.10,0
2635,-84.23503492,2719.24,0
2835.04,-279.5070816,3114.55,1
2464,-2.411216832,2466.41,0
2723,41.24534006,2681.75,0
2579.5,-393.5335555,2973.03,1
2573.18,-87.88626697,2661.07,0
2771,346.1903399,2424.81,0
2838.5,-88.47456525,2926.97,0
2661.25,204.5435535,2456.71,0
2581.38,-174.9871578,2756.37,0
2796.16,378.8821743,2417.28,0
2720,-114.6379258,2834.64,0
2550,-51.78333527,2601.78,0
2700,-96.89263491,2796.89,0
2560,-302.2951672,2862.30,1
2600.9,417.7313704,2183.17,0
2505.63,-106.7428713,2612.37,0
2650,-78.70869842,2728.71,0
2689.9,-99.15388019,2789.05,0
2818.33,-258.803676,3077.13,1
2822.72,-152.7593089,2975.48,0
2790.88,-158.4275822,2949.31,0
2540,74.17704019,2465.82,0
2720,-71.55570374,2791.56,0
2786.25,-302.1881919,3088.44,1
2775,-218.7951296,2993.80,1
2613.25,130.6432858,2482.61,0
2595,-480.0828959,3075.08,1
2636,439.2993426,2196.70,0
2561.29,-40.78858001,2602.08,0
2652.18,-10.48429599,2662.66,0
2841.33,-130.5269104,2971.86,0
2673.93,-124.2553883,2798.19,0
2773.33,-307.982614,3081.31,1
2760,69.91159338,2690.09,0
2685,106.5228409,2578.48,0
2633.33,-28.73811356,2662.07,0
2730,-404.2601816,3134.26,1
2508.8,-95.03593893,2603.84,0
2702,-23.82506014,2725.83,0
2701.8,217.2613671,2484.54,0
2683.5,-40.10086977,2723.60,0
2625,191.7178676,2433.28,0
2454.25,-148.7461936,2603.00,0
2680,218.4977618,2461.50,0
2502.33,-26.80280918,2529.13,0
2808.33,-207.0004055,3015.33,1
2666.67,-179.5366625,2846.21,0
2780,498.5512433,2281.45,0
2666.67,-37.41723607,2704.09,0
2640,-636.2152506,3276.22,1
2475,317.2616997,2157.74,0
2560,192.910326,2367.09,0
2509.5,139.8799764,2369.62,0
2500,216.4469643,2283.55,0
2600,-39.25385713,2639.25,0
2838.33,289.3536738,2548.98,0
2783.33,93.77913585,2689.55,0
2608.33,-253.7958858,2862.13,1
2750,-208.9332607,2958.93,1
2527,-141.7856417,2668.79,0
2750,196.6945661,2553.31,0
2550,-108.908367,2658.91,0
2634.75,251.0267923,2383.72,0
2540,60.66884086,2479.33,0
2740,-301.0376555,3041.04,1
2460,648.9307065,1811.07,0
2555,-431.3144874,2986.31,1
2786.67,-103.6006076,2890.27,0
2613.33,404.3559363,2208.97,0
2790,-186.172134,2976.17,0
2763.34,431.8800194,2331.46,0
2800,131.8307195,2668.17,0
2606.67,-247.3050738,2853.98,1
2830.63,81.79606745,2748.83,0
2750,42.42901216,2707.57,0
2666.67,140.7474425,2525.92,0
2518,-113.3745689,2631.37,0
2735.13,-137.9953377,2873.13,0
2738.52,246.0429791,2492.48,0
2800,-14.31979418,2814.32,0
2580,249.6943911,2330.31,0
2585,104.1490648,2480.85,0
2580,86.20439035,2493.80,0
2595,69.89483233,2525.11,0
2470.05,72.61801775,2397.43,0
2715,37.00863111,2677.99,0
2617,148.2694069,2468.73,0
2750,-69.97504644,2819.98,0
2654.58,87.80709086,2566.77,0
2450,332.9154387,2117.08,0
2680,260.6532911,2419.35,0
2750,-173.42599,2923.43,0
2579,314.4397658,2264.56,0
2646,-248.5571025,2894.56,1
2600,166.8597944,2433.14,0
2587.67,231.6101806,2356.06,0
2718.5,525.9685723,2192.53,0
2842.5,34.37913646,2808.12,0
2467.31,-389.8644265,2857.17,1
2793.33,70.81808141,2722.51,0
2563.98,294.1998078,2269.78,0
2731.33,-280.9878742,3012.32,1
2500,-71.99483195,2571.99,0
2849.74,-229.049742,3078.79,1
2536.67,-284.1115375,2820.78,1
2773.33,32.18587545,2741.14,0
2461.67,6.484727323,2455.19,0
2531,-251.1830198,2782.18,1
2820,102.8167913,2717.18,0
2466.67,-419.9289336,2886.60,1
2671.67,571.31217,2100.36,0
2810,86.75002798,2723.25,0
2561.33,65.25925461,2496.07,0
2466.67,238.7589803,2227.91,0
2622,189.964305,2432.04,0
2492.5,264.4653672,2228.03,0
2460,361.3231458,2098.68,0
2829,9.18892992,2819.81,0
2800,504.8661842,2295.13,0
2675,-90.05857276,2765.06,0
2534.75,163.9634457,2370.79,0
2690,-266.5546364,2956.55,1
2673.33,-234.3328661,2907.66,1
2650,-148.0537697,2798.05,0
2570,-116.8443944,2686.84,0
2469,533.877711,1935.12,0
2566.67,55.72621439,2510.94,0
2653.33,-40.23918759,2693.57,0
2612.5,90.65329869,2521.85,0
2690,37.96388566,2652.04,0
2781,-271.5475818,3052.55,1
2821.73,479.1835366,2342.55,0
2501,-177.8930683,2678.89,0
2700,-156.3142128,2856.31,0
2773.82,293.7671781,2480.05,0
2646.67,11.6301747,2635.04,0
2820,11.76876572,2808.23,0
2843.5,-262.7933701,3106.29,1
2740.93,135.4373928,2605.49,0
2580.57,56.65723069,2523.91,0
2705,78.44990182,2626.55,0
2513.33,30.50754947,2482.82,0
2532.51,190.2472692,2342.26,0
2533.33,63.27504561,2470.05,0
2571,-44.64290378,2615.64,0
2810,-394.6919737,3204.69,1
2520,308.81627,2211.18,0
2625,-144.6366306,2769.64,0
2655,164.0154547,2490.98,0
2645,-372.9675604,3017.97,1
2503.38,254.8202143,2248.56,0
2453.6,-217.6183929,2671.22,1
2666.67,21.43033179,2645.24,0
2642.67,154.1157842,2488.55,0
2840,185.4022147,2654.60,0
2781,107.4193491,2673.58,0
2655,248.8081764,2406.19,0
2700,87.62520876,2612.37,0
2705,19.02460747,2685.98,0
2512,65.47583747,2446.52,0
2559,298.0553059,2260.94,0
2680,-156.2633004,2836.26,0
2646.1,-271.985334,2918.09,1
2524,-75.36664413,2599.37,0
2467,249.2138587,2217.79,0
2557,32.42115276,2524.58,0
2765.2,-368.4889687,3133.69,1
2525,123.9744417,2401.03,0
2526.67,180.4866492,2346.18,0
2771,154.7311762,2616.27,0
2794.25,-10.15706989,2804.41,0
2519.11,-163.6175937,2682.73,0
2601.5,77.01929949,2524.48,0
2541,-654.8283738,3195.83,1
2480,58.36406795,2421.64,0
2546.1,115.448059,2430.65,0
2500,331.7884931,2168.21,0
2737,-124.160356,2861.16,0
2545,-120.9715939,2665.97,0
2525,60.28494328,2464.72,0
2618.2,-26.33690272,2644.54,0
2760,50.19587904,2709.80,0
2825.63,-54.79536137,2880.43,0
2731.5,36.05453292,2695.45,0
2682.4,32.45486845,2649.95,0
2730,-86.32783111,2816.33,0
2481,390.024324,2090.98,0
2844,417.0802665,2426.92,0
2601.38,131.6527676,2469.73,0
2620,-69.03966893,2689.04,0
2645,182.6321278,2462.37,0
2460,-35.75981105,2495.76,0
2642,131.8415813,2510.16,0
2507,-255.0695907,2762.07,1
2500,93.90206544,2406.10,0
2550,247.149291,2302.85,0
2750,433.6529538,2316.35,0
2633.33,7.422456658,2625.91,0
2700,-185.0855066,2885.09,0
2712.05,456.9501306,2255.10,0
2627.2,129.7445491,2497.46,0
2500,206.9418558,2293.06,0
2683.88,-193.222677,2877.10,0
2591.5,245.7714993,2345.73,0
2635,-441.2295309,3076.23,1
2696.5,53.25404729,2643.25,0
2452,49.13844154,2402.86,0
2798.75,-211.4245975,3010.17,1
2753,17.66158558,2735.34,0
2535,-273.8230991,2808.82,1
2572.67,-72.48735667,2645.16,0
2742.61,-541.0114424,3283.62,1
2578.75,285.4544669,2293.30,0
2606.93,-19.79936701,2626.73,0
2640,-37.1283171,2677.13,0
2634.42,-107.9811211,2742.40,0
2666.67,203.0299986,2463.64,0
2776,41.95838827,2734.04,0
2793.33,-231.9945962,3025.32,1
2821.75,-338.0265252,3159.78,1
2600,157.6169612,2442.38,0
2546,348.5564317,2197.44,0
2766.15,-143.745271,2909.90,0
2485.5,108.8907565,2376.61,0
2800,79.53377586,2720.47,0
2634,136.9029391,2497.10,0
2545.63,-359.576905,2905.21,1
2580,-63.66565522,2643.67,0
2601,-88.84828033,2689.85,0
2540,-308.1660842,2848.17,1
2596.28,-26.46813564,2622.75,0
2470,-576.8472517,3046.85,1
2802.4,-194.9325501,2997.33,0
2719,-489.969163,3208.97,1
2635,-115.0636493,2750.06,0
2670.67,386.4303134,2284.24,0
2720.5,265.2285421,2455.27,0
2788.08,-320.0376924,3108.12,1
2646.5,98.68516492,2547.81,0
2514.5,151.9576452,2362.54,0
2850,-64.51240595,2914.51,0
2613.49,249.8110906,2363.68,0
2736.67,231.0771261,2505.59,0
2711.67,124.88151,2586.79,0
2588.31,-282.289402,2870.60,1
2701.4,-2.645226372,2704.05,0
2619.4,9.491480654,2609.91,0
2781.5,-436.6038303,3218.10,1
2543.17,99.68013591,2443.49,0
2683.75,-3.772722744,2687.52,0
2820,-201.1394864,3021.14,1
2780,-99.30110652,2879.30,0
2576.59,520.6523456,2055.94,0
2698.07,185.2899993,2512.78,0
2620,-149.3060106,2769.31,0
2578,196.3499341,2381.65,0
2623.99,225.2971664,2398.69,0
2775.25,-303.4938445,3078.74,1
2721.17,73.24889702,2647.92,0
2621.5,148.1555781,2473.34,0
2566.4,-118.532919,2684.93,0
2706,-375.5001479,3081.50,1
2768,79.25245161,2688.75,0
2575,-57.07801295,2632.08,0
2743.68,50.76043988,2692.92,0
2607,-88.52054398,2695.52,0
2720,-118.0814001,2838.08,0
2621.72,-247.7131893,2869.43,1
2566.67,-236.7959508,2803.47,1
2755,127.0083246,2627.99,0
2540,35.0231056,2504.98,0
2460.4,-243.4029144,2703.80,1
2450,114.1359477,2335.86,0
2606.67,-166.0870687,2772.76,0
2603.33,-67.35596656,2670.69,0
2708.06,424.3804719,2283.68,0
2661.5,163.9381405,2497.56,0
2788.75,-7.800741952,2796.55,0
2458.75,117.1342844,2341.62,0
2640,895.9264015,1744.07,0
2775.73,328.6087546,2447.12,0
2590,-290.4222507,2880.42,1
2480,169.4601799,2310.54,0
2648,264.8008475,2383.20,0
2845.58,-146.8326919,2992.41,0
2509,-139.5830943,2648.58,0
2673.33,-54.96240844,2728.29,0
2744.32,186.5719413,2557.75,0
2470,90.04512654,2379.95,0
2559.5,-208.3984299,2767.90,1
2825.08,-167.8586718,2992.94,0
2580,354.4543478,2225.55,0
2633.33,63.46134088,2569.87,0
2524.5,194.1704226,2330.33,0
2683.5,86.02034123,2597.48,0
2648.16,250.3073662,2397.85,0
2725,329.0745075,2395.93,0
2756,205.2965213,2550.70,0
2843.33,266.7807292,2576.55,0
2693.33,-247.8320105,2941.16,1
2673.6,379.2001473,2294.40,0
2720,-210.7034011,2930.70,1
2475,6.218322982,2468.78,0
2726.67,160.4387938,2566.23,0
2470,-344.6423186,2814.64,1
2530,-19.56806434,2549.57,0
2490.5,119.7599051,2370.74,0
2667.5,-189.1533144,2856.65,0
2800,-31.77400567,2831.77,0
2493.75,1.308357999,2492.44,0
2729.39,-88.87583942,2818.27,0
2622,617.0922634,2004.91,0
2475,69.9915963,2405.01,0
2552.03,308.8947378,2243.14,0
2698.67,157.9386299,2540.73,0
2535,49.88014038,2485.12,0
2841.5,-23.06722373,2864.57,0
2455,-205.9350091,2660.94,1
2576.67,-136.6065348,2713.28,0
2560,220.9470803,2339.05,0
2457.5,-254.9107407,2712.41,1
2786.5,-284.2238495,3070.72,1
2476,-103.0677019,2579.07,0
2475,-57.81340797,2532.81,0
2586.67,-80.75223332,2667.42,0
2515.38,77.20158102,2438.18,0
2570,-75.46534165,2645.47,0
2577.39,-261.9612112,2839.35,1
2459.75,-10.97316881,2470.72,0
2563.75,7.443077021,2556.31,0
2517,-113.5330908,2630.53,0
2595,66.94481664,2528.06,0
2798.33,266.1894862,2532.14,0
2792,236.8485697,2555.15,0
2477.33,342.7468625,2134.58,0
2680,383.1883948,2296.81,0
2700,-46.36372612,2746.36,0
2537,325.0207396,2211.98,0
2535,580.4875994,1954.51,0
2720,439.3688553,2280.63,0
2750,308.2647456,2441.74,0
2505,-686.0054624,3191.01,1
2543.6,-246.9270071,2790.53,1
2744.71,-156.5164344,2901.23,0
2475.8,73.35207383,2402.45,0
2700,382.7696823,2317.23,0
2530,-192.2515845,2722.25,0
2600,-135.2948661,2735.29,0
2666.67,-45.07661822,2711.75,0
2536.09,-145.8754385,2681.97,0
2580,-2.805094646,2582.81,0
2760.42,303.8265951,2456.59,0
2760,43.02763151,2716.97,0
2450,-369.7334229,2819.73,1
2676,-1.244394839,2677.24,0
2510,-43.58855031,2553.59,0
2513,259.6373833,2253.36,0
2577.77,-242.2813075,2820.05,1
2800,200.7738774,2599.23,0
2507.88,370.9296079,2136.95,0
2496.17,342.7194096,2153.45,0
2457.5,66.87035178,2390.63,0
2494.33,264.8046659,2229.53,0
2808,325.9411133,2482.06,0
2689.61,276.6139457,2413.00,0
2700,158.6528912,2541.35,0
2660.42,328.774314,2331.65,0
2545.75,-412.6425971,2958.39,1
2588.33,457.427626,2130.90,0
2584,439.4021497,2144.60,0
2601.5,262.6655762,2338.83,0
2581.67,-313.4853907,2895.16,1
2601.4,154.7470459,2446.65,0
2647,51.9503395,2595.05,0
2833.5,208.7239911,2624.78,0
2750,-208.0389795,2958.04,1
2649.33,234.690989,2414.64,0
2725,82.0891414,2642.91,0
2605,480.9368204,2124.06,0
2663.12,-180.9743103,2844.09,0
2782.75,-299.0222454,3081.77,1
2813.33,79.93251852,2733.40,0
2525,-3.618887621,2528.62,0
2500.33,204.3115407,2296.02,0
2600,3.376039899,2596.62,0
2450.49,-56.97643105,2507.47,0
2600,288.5308043,2311.47,0
2663.67,-69.11949215,2732.79,0
2663.51,73.58355483,2589.93,0
2850,31.4756983,2818.52,0
2723,255.9624333,2467.04,0
2683.33,-410.4695383,3093.80,1
2508.3,-120.3707399,2628.67,0
2496.33,-344.0717251,2840.40,1
2610,307.3771575,2302.62,0
2525,-207.887087,2732.89,1
2593.33,405.8678527,2187.46,0
2506.75,4.872861889,2501.88,0
2806.08,-473.8880357,3279.97,1
2673.82,598.2179587,2075.60,0
2722.17,90.96403298,2631.21,0
2560,119.5531395,2440.45,0
2573.5,-143.0828535,2716.58,0
2550,-284.6300527,2834.63,1
2495,-50.32665952,2545.33,0
2558,152.5312375,2405.47,0
2807.26,9.609300259,2797.65,0
2746.04,147.5543003,2598.49,0
2567.67,67.8815823,2499.79,0
2697,-125.9820336,2822.98,0
2530.75,-7.714040666,2538.46,0
2650,101.9672737,2548.03,0
2464.58,-375.9839422,2840.56,1
2676,-53.09509219,2729.10,0
2520.5,-59.73644244,2580.24,0
2464.16,59.80159665,2404.36,0
2464.8,-243.7331615,2708.53,1
2515.75,82.47125836,2433.28,0
2802,46.62038459,2755.38,0
2612.5,2.648925433,2609.85,0
2490,-149.7039961,2639.70,0
2716.67,101.6893911,2614.98,0
2475.33,273.5066953,2201.82,0
2705,-334.1119063,3039.11,1
2767.5,10.52733929,2756.97,0
2472,-110.6354832,2582.64,0
2646.1,-89.35864573,2735.46,0
2626.67,-378.4426377,3005.11,1
2717,-374.1923851,3091.19,1
2643.33,58.95428896,2584.38,0
2516.67,-224.6283283,2741.30,1
2711.4,-178.287558,2889.69,0
2813.33,51.35987192,2761.97,0
2775,-537.8372952,3312.84,1
2610,217.9064262,2392.09,0
2614.33,-177.6743898,2792.00,0
2517.5,22.09909688,2495.40,0
2741.33,99.76787055,2641.56,0
2760,-204.595364,2964.60,1
2565.25,112.5436407,2452.71,0
2630,-286.2704255,2916.27,1
2548,0.939223571,2547.06,0
2583.38,88.96170346,2494.42,0
2502.23,157.65782,2344.57,0
2806.67,22.14405025,2784.53,0
2700.11,133.8917299,2566.22,0
2542.08,297.9136032,2244.17,0
2500,-164.2228943,2664.22,0
2736.67,21.83995544,2714.83,0
2770,429.5118756,2340.49,0
2795.2,-75.87531706,2871.08,0
2593.73,-243.6243417,2837.35,1
2685,468.628022,2216.37,0
2775,440.1687594,2334.83,0
2500,-163.2159733,2663.22,0
2762.6,-71.86494934,2834.46,0
2640,-81.91313609,2721.91,0
2775,-68.72444824,2843.72,0
2801,95.6201581,2705.38,0
2711.67,-284.5917828,2996.26,1
2847.5,-43.78337201,2891.28,0
2453.5,231.6080591,2221.89,0
2636,123.1099219,2512.89,0
2564.3,223.6603431,2340.64,0
2723.92,244.5648386,2479.36,0
2809.33,443.4079152,2365.92,0
2497.5,-51.25689522,2548.76,0
2532.5,431.0237374,2101.48,0
2602.5,-28.25490045,2630.75,0
2686.08,-287.2419483,2973.32,1
2509,123.3047401,2385.70,0
2606.65,-36.63181922,2643.28,0
2520.88,155.6551156,2365.22,0
2724.3,-14.96641693,2739.27,0
2633.25,-39.49298414,2672.74,0
2712,88.04070943,2623.96,0
2612.3,-93.8076911,2706.11,0
2673.33,114.9033153,2558.43,0
2708.6,202.1647168,2506.44,0
2578.33,-1.448066063,2579.78,0
2528.63,-60.82796613,2589.46,0
2597.5,-232.1924644,2829.69,1
2721.14,-335.6110983,3056.75,1
2685.2,-374.8120484,3060.01,1
2486.67,-114.7832723,2601.45,0
2707.33,-95.709094,2803.04,0
2795.01,-224.5315148,3019.54,1
2627.6,93.27436822,2534.33,0
2512.5,155.330951,2357.17,0
2530.75,290.4097589,2240.34,0
2600,191.5711049,2408.43,0
2810.02,-292.155432,3102.18,1
2666.67,0.831050997,2665.84,0
2777.03,-583.5290983,3360.56,1
2623.8,408.167754,2215.63,0
2773.5,-145.2246773,2918.72,0
2804,-111.1217204,2915.12,0
2733.6,-263.5685777,2997.17,1
2470,-248.7186168,2718.72,1
2500,-302.6488045,2802.65,1
2653.58,67.11631846,2586.46,0
2500,-41.47712925,2541.48,0
2584.33,-55.23627674,2639.57,0
2787.8,404.9563636,2382.84,0
2575,64.11768246,2510.88,0
2678,-385.232602,3063.23,1
2545,119.9234202,2425.08,0